pc_1,pc_2,pc_3,pc_4,pc_5,pc_6,pc_7,pc_8
0.6017454870674975,-0.2847225924906633,-1.0858482947464518,-0.23208426553531938,-0.9165688081785777,0.3703930742723733,0.21802532017373544,0.5093022013817049
0.9104602439107747,-1.2638892400810686,-1.987379094617296,-0.6799372284004945,0.08146656643803663,0.49261396240641125,-0.17340437934829092,-0.37539674474354473
0.04483301166235747,0.6633567425889587,0.7466112676998525,0.5797734497606707,1.7091335838237611,0.0013593475948622444,-0.6833120378598968,0.1666313182908521
-0.4769182673871647,-0.5030147778672648,-1.0312143482414093,-0.37319795763173197,-0.012140447087067567,0.018428786539681892,-0.051193304057388235,0.7307893201615004
0.7177089809720927,-1.2409374530895352,0.3449751971136405,0.25458352391409633,-0.03930597578769408,0.05735537244643428,0.3941323982342213,-0.11859749497790265
0.5025998401967134,1.9142430981600351,-2.2641789590904366,0.6597918953667175,-1.0812376804965242,-0.6231838990561614,-0.39763614719541607,-0.7126344264216781
1.5895473710137438,-2.009892784025431,-0.24266518566103393,-0.9947595333468786,-0.060854199682484116,0.42021111129780414,0.2632267462120707,-0.2611268998704183
-0.3321528184357626,0.5810141471734512,0.19115226723609388,-0.0015399804194771165,-0.6566515449462701,-0.8428162800162542,-0.8018369467873959,0.135331109206405
-3.5255284349219145,-0.7813014051790417,1.580638383379777,-0.8185067055057109,-0.7128699217327579,1.5415323813816,0.296179591703236,-0.06419823064932058
-1.357808844226886,0.12906478323576134,-0.2065763693047178,-0.26545796690319423,-0.12178277736025815,-1.485077669904843,-0.1604815041512889,0.005191397384241458
2.2798621509284027,1.3965064326042795,-0.35196607100086924,0.9881984950851795,-1.246905475517793,0.6700953927477967,-0.3800172680313359,-0.23857302228979546
1.0427703090511975,-1.8515185650318624,-0.7986147194312916,1.6427409828767734,-0.5787726208813767,0.5954468280332721,0.7534813094832443,0.26040572242273347
-0.6323919425291881,0.7673224289231452,0.3005039693457851,-0.23342338381488761,1.154457989130939,-0.03206440145071279,-0.8800192398778908,0.24160356196626506
-1.6471489147663037,-0.7156354664983918,-0.5465504813172355,-0.1252716924130585,0.9577799149903806,0.5356191592811943,0.08333014783580237,-0.8615014609808982
0.02177322158967273,-1.4704160084784135,0.9888831839297907,-0.020988767953575,0.11769069994935534,-0.36612378993888967,-0.2727025633054581,0.05394144113394346
1.1266778329808298,2.082812509957488,0.2458532182978977,-0.573178124268179,2.044850589703421,0.5554556159389917,-0.7321414088133562,0.3298116955163519
0.20217157924124501,-1.77502790453268,-1.1673885181822143,-0.15099974196118043,0.30033221112855446,0.6596134821630993,0.027275405625420492,-0.7274579551953314
3.3315910620099314,1.2079029129660075,2.3235169611712396,-1.379404256515062,-1.7102062874548305,-0.7918448985704816,0.5617690486780653,-0.838803710160783
-0.3964767106950115,1.5958759353972534,1.7606784442314192,-0.07039463833113349,0.9064738510562413,-0.04001751902432009,-1.1529902897440458,1.0685279488016122
0.16837421880932502,-0.3014562049084782,-0.06934078036297509,-1.197639805347028,-0.1955216670542365,0.06464053963896353,-0.36716278103810895,-0.19149296591541617
-0.9655674391929571,1.074677994991081,0.6570832090554594,0.9698929172202753,0.1755473897211929,0.034572830734440674,-0.7610634127925215,-0.15424179532019017
0.8551257238152246,1.4011479687024166,0.7714244204075381,0.2516215382505307,-0.770001162002526,-0.6780423635833935,0.4621366703356222,0.1871210037882489
2.385950905861673,-1.1698231648568145,0.2736388702681861,1.5065081534794638,-0.22951977761227182,-0.389270969711025,0.9990206297024316,-0.17192243138984928
1.3047524986212877,-1.4105776297724784,-1.4101057991888313,-0.3688224041564981,1.1999897752754003,0.3256278709816348,0.18953563129607626,1.347085488771425
0.34997992059877664,2.4343375464174923,0.10807118820315832,0.27761831288794664,1.342223545024367,-0.6575874297655308,1.0941950235589748,-0.4707057567477472
-1.0986946042759465,1.8468676376295476,1.5858850687987684,-0.8862751474828277,0.9748234366896207,-0.21298607578405934,2.5407113166530406,-0.03655727030717327
1.2072869178341257,-0.9306046990268696,-0.8152657507997146,0.3374374674382308,0.9991589231324098,0.4705408533686749,0.36746163065205306,0.9776776332612196
-0.6696216103654595,0.24205396702073273,-1.012561154630982,-0.12810063327085408,-0.5390203210034755,-0.15429085896568442,0.004709741318231381,0.4974593334892877
-1.5517836780840515,-0.88346081464293,0.5854536584411594,0.2875244958184149,-0.07458066167275362,-0.16759793409847093,0.2590471598818599,0.10999103968282853
-1.4922431516292793,0.49178398348598723,-0.6885593564617004,-0.4813635538298895,0.599910283516524,-0.21193756122609173,-0.11013162949349,-0.5089640000981589
-0.6439504428493051,0.39753541237741563,-0.13939525448846946,0.30258078237264835,1.1827194547269395,-0.13312133561529574,-0.8112942714433593,-0.1949600364730649
0.041762996117927165,-0.7748491835611832,0.3033632724784417,1.410062254999301,-0.07458231752843972,-0.21814576884009806,-0.1995272626274275,-0.14213773885372413
-1.011792212360404,-1.0825770447940577,-0.4417413462839281,-0.7882067620355782,-0.5560765754612418,-0.31534840933179636,0.02589825051471311,0.8018729482783836
-0.9364071404150215,-1.1761032667696836,-0.7195604550824354,0.8009868316986531,-0.0996849725442755,-1.1112675200753928,-0.08418275172212056,0.15144476414416594
-1.1172662997651865,-1.208819081270696,-0.18096215640699795,-0.7564776300255042,-1.0290803221862077,-0.5885333078848769,0.16177210090981417,0.7788376814742921
0.11760334779550063,2.2706284237239536,0.4007824071760004,-1.032259382853314,0.8292679290138053,1.001023736404902,-1.1820492227709967,0.48888521030833343
1.722649587895391,-0.49428212167198565,0.28939106005935394,0.3082647843050295,-1.2865884359197288,-0.23303391764756481,-0.1777159194493557,0.16703199131184868
0.7986542708163208,1.7278203604948592,-1.1947487433557784,0.6261676739514994,-2.131744897174693,0.5539218539552316,-0.13464334438003187,0.2263318962406855
0.8403600739772039,2.3210202987533526,0.19185807814196587,-0.8114228054628738,-0.9009433162981149,1.3630815331155917,-1.199183775825092,1.6895219181130618
1.083682957112672,-0.15508048101180572,1.5349491968062516,-0.7400614248209778,0.36465315123462283,0.2442089268114772,0.1846980326586748,0.14136032788492806
-0.9302165423930058,2.035467589018329,0.20697979626974053,-0.40385597474606055,-0.11072177684939423,0.21761245512210386,-1.11151649583854,0.2096739965877629
0.18217900980139964,0.7069778100775238,-0.331152448742433,0.12171773699339723,-0.113134820268221,-0.28920873877535125,0.30959740533594293,0.5949121136228617
1.5670563389864078,0.32489351250661874,1.1418283105856473,0.27112868183472444,-0.4372772334185451,-0.543807997552234,-0.14897551165107606,0.4109645516338384
-2.175492233110861,-1.3031308418128236,0.1570327466434305,-0.014251017455071763,-0.9170108933857599,-0.5492439806445453,0.17012758305320047,-0.15385103366188077
-1.6075492552428887,-0.6285200429511063,-1.013207133600221,-0.49075819215805666,-0.012784332020090664,-0.3170997825340366,-0.15867834133433537,0.16946672895637863
-0.8114104078823056,2.229600923037354,0.9393098396842248,-0.986308956968853,0.5345536896980041,0.012558361653512574,0.47067991108830526,0.34851390324728276
1.0375616795598104,0.7882557806248957,-0.45789600902056543,-0.08572836831549731,-1.5056901489717731,0.3564958673622654,-0.08509533586648095,0.8080829440681154
0.2501759722142405,-0.10978193886438152,0.42437882786798325,-1.180838043464925,0.7130962525134742,0.018973957530640725,-0.276955226714106,0.46971826828744107
3.4866370091670986,-0.08346416552032175,1.293505410479948,0.717642116960263,1.0302319865601004,0.22624279090149668,1.7329016854431663,-0.9722244669089585
2.5072079243043213,0.004530751884261199,1.2002605212645256,-0.35607847961199807,-1.4255483085679126,-0.08742129222471999,-0.041610013342486284,-0.24538458664398025
1.0041923944076643,2.0375622153739767,-0.8464190555756547,1.901000297562805,-1.1515932090524859,0.03300598137246099,0.3926067880771125,0.013279057745913592
-0.0771814481713029,-1.5047461783049518,-1.0730506279586376,0.20185897698066146,-0.2746892813728175,0.31982537894018737,0.24715431423609796,-0.15992818755676833
-1.0392456956451106,-0.11665034723334539,1.0130629751504399,-0.03960022078553502,1.413997711815714,0.30396905970008875,0.03766297413287454,0.08604125645620449
-0.5307592110462812,-0.5975261258714745,-0.6053865277883834,-0.43180391514433325,0.4695893387537707,-1.2977314491609226,-0.564571864649938,0.37452257384407056
1.6978628266487465,-1.1594547261469745,-1.341157761261598,1.8888696203187063,0.6671504608482512,-0.44158816444799626,0.6663774401790886,-0.3925874450726726
-1.0455195375926907,-1.0167828225706035,-0.5686623693304547,-0.3406722731113449,0.4080161237801308,-1.2386174488683965,-0.12112561364954137,-0.18027255827026056
1.4740601858468798,-0.7496377022831028,0.7553041650665029,-1.3527171430166474,-0.12296598840493189,0.18950900731178033,0.05354355781330436,0.5112513792878856
2.5455107599761955,-2.403347052272655,2.7136683615659134,-0.5636567248854882,0.16376607103254773,-0.5818358044890759,-0.5588911108132868,-0.842209617449563
-0.1442961522382152,-0.9788482720827502,-0.22745112805822373,0.6165042638135394,0.6382997203075192,-1.1662465306278333,0.024533229995195763,-0.4328628777280276
-1.0811349252268578,2.359186475509564,0.6021598444711,-0.7112152949733336,0.09325128594867899,-0.04422914340681688,0.8380950876632806,-0.08831424229624886
0.12264706984236498,0.20213247701655826,-1.100631991692348,0.27568420535395877,-0.6668710780589606,1.0826241586679934,-0.3271389331286869,0.3828162118706222
-1.3251509802893686,-0.5547829981656268,0.3785368381440637,0.6661407075011225,-0.017409428788669242,-1.047684673508296,-0.15301980504277152,0.06238163443575635
-2.5982602419722776,0.8728898456670944,1.9380902492412255,-0.5922391605534978,-1.1244039384552247,2.082990935468075,0.1928027386273387,0.007980097444557115
-0.3422800170008125,1.3404980270167821,1.414185663368607,0.43290545972202565,-0.4793247602584682,4.613342332677816,-0.5725386214798482,-0.8644103881164086
-2.2204707451841665,-0.5082572053224362,0.2261732484404549,-0.12815390423549033,0.7042329753087733,-0.6909070459190285,0.08957304879259852,-0.17090633519555978
1.129482885510948,-0.09817776182641787,-0.5860922869005771,1.4492495067652487,-0.6197864253810806,0.5404697133789117,-0.6039833233679066,-0.25025771302753824
-2.550462697964192,-0.9996157157573877,-0.1959049345773497,0.0009080218488918281,-0.31443329600660985,-0.18668943812176875,0.03923050079097165,-0.14178595220506282
0.9906664527401017,1.6812516555987422,-0.14080306066551795,-1.0198675530000871,-0.7004383809099822,0.01191595414144742,-0.1102023508391596,0.7250110794972742
0.4799030926440293,2.366362244549444,0.02918506079549011,0.8833996718345649,0.8499208459941309,-0.3280005781395955,-0.8154979017004067,-0.16319259103274975
0.419366263177678,0.4454476830463185,-1.5114822657042015,0.13044017862277826,-0.08135963930570844,0.48071321474195183,0.2600097571427269,0.13276373823495574
-0.5465271586353984,0.976595246097972,-0.31901490328613236,-0.3123754920598506,1.3783230577492838,0.2422891757719765,1.540401486761583,-0.9751500792365709
0.016290863720309072,3.3102651259226112,0.18940939729380576,-0.7693283888609503,0.4161097413992917,-0.19531894724517387,-0.22117162541663843,0.256133513239012
0.6439323817550701,0.14660392130448893,-0.16291885260588834,0.5919629295611308,-1.3614520293990768,-0.48465884408022647,-0.6460460080332093,0.6802236066750598
-0.6665309566899611,0.7781308215034783,-0.3762188059344925,-0.5420672524361622,1.2596631513135368,-0.2595091494647958,-0.6130656163536863,-0.027424068305228904
2.8543413016562473,-1.9838019639659186,-0.6947400494977556,0.2481489878457749,0.975815567357535,1.4416894283104937,0.46193197443300604,0.8263123445334218
-0.767413605094877,-0.958935349713224,-0.9174045411311924,0.26351592566810766,-0.6544202013921714,0.6146375866621823,0.11112591110023465,0.16066016106517914
-0.8340038549278191,1.2030065069414453,-1.0185586690708934,-0.4625369064624595,0.7740276879224702,-0.7897079639532846,-1.0083776856783637,-0.13560612825655277
2.081751336500396,1.381981294358658,-1.1204936148251323,1.9415483589603846,-0.7272189514299187,1.2304372879406122,-0.4161288499939887,0.3088310386902741
0.8948446144147488,-1.372587849160831,0.007278824577893233,0.9671991294902811,0.35418098079682686,0.3761127761529389,-0.26103231786419306,0.13722916859303438
-0.32853130169941186,-0.1948855975784837,-1.250571172294595,-0.2573273991839988,-0.7443046683679869,0.33426650308516587,0.49249517610897836,0.6754341718364647
-0.7416864110182768,-0.006303394368274878,-0.327259417011262,0.16525870673630552,-0.47197885721335875,-0.5350544676169209,-0.3134123968377709,1.0093084248150124
0.4478750384015416,-1.6314200920383854,-0.27346914230676655,0.5653841972057175,-0.4640647288608834,0.2967780605214348,-0.16317290819367414,-0.5105904560354343
-1.1157808127617868,-1.2712409929801438,-0.6637292289823408,-0.5791229868404922,-0.3560597811199899,-0.4125198231720875,-0.029247301252815504,-0.13064786106000378
1.273370612036696,0.1592082621326581,1.4893704220751012,3.240277705580334,2.6439984503219383,-0.02427823712965575,0.49822225817514204,-0.732766570413846
1.4310534844425902,1.5126245959620601,1.2910635649282935,0.16509042562354906,-1.288231947432283,-0.12163092601959734,1.2336948023321996,-0.035943240810214
-1.5423848122794817,-0.2329567672386543,0.5923828865573967,-1.1275717660414641,1.3648835146836904,-0.005965255691705943,-0.31934531783937997,0.445893888343429
1.7336475938745695,-0.884524086220427,-1.818032533803024,-0.24193493425516135,1.3920857555228174,0.8498390815938432,0.2285737673357835,0.7259357740622041
0.7086941010387167,2.288846938532373,0.708592727454707,0.7748056142390616,1.8285377452038476,-0.7199545425862409,1.673161435915652,-0.4844114219291749
-0.11834947420105778,-1.2694299777146962,-0.7899898031811917,-0.8292261077826285,0.5333522113556994,0.210257867412206,0.42571243587024993,1.2500373139706524
-1.1559317534053377,-0.5182318086785999,-0.5413221985038819,0.8013165897244976,1.2781875836620402,-0.4714291755588569,-0.0652310185699903,-0.8201194382663958
1.4527222480709845,1.3637261392363367,-0.18387684915504077,-0.6310683451468011,0.5851765095293888,0.3874640066613676,-0.021508543054926117,1.525178263989636
-1.2164504112399204,0.08303549383788317,-0.4151726879548458,0.2103023141262505,-0.7998003083644788,-0.41258386813877557,-0.16437639691590744,0.256333606619693
-1.1805868417384189,1.1212369355531642,-0.46787547616721553,-0.11929328029003865,0.16856601560900947,0.009845649546395514,-0.9145675887073023,-0.28815255641934895
0.484607900937332,-1.2712314306969326,-1.7447049753167534,-0.8350344671048369,0.8032926746247708,0.7538837923387485,0.2677512089337893,-0.09296536368238859
-0.5284513548918671,2.5923579342366776,0.871919467906536,1.4337690569271173,-0.1654667431494329,-0.6027375266564066,0.43152478509821995,-0.42232665027966304
-0.3640330284961217,1.0334345930668347,-2.2152604357208685,0.35141137946189865,-1.921546635498379,0.09395219163508131,0.05788134177430501,0.07303935371318451
-1.2767730284139391,-0.7410432837716358,0.12740046164294627,0.05470784402629208,0.3173596989765767,-1.6527987653904472,-0.37793022876759896,0.04041704640525025
0.06752129447707944,-0.08045900793685178,-0.05034051354863223,1.3657803790893082,1.445533446633971,1.1428113128815172,-0.9098289186596429,-0.8077642373733758
2.1697358889858513,0.5552170343791915,-1.6487503010357258,-0.16523424637748813,0.355294891492126,1.4488127055025746,-0.1696185739902558,0.9245418381346999
3.282229625775946,0.1815523456387833,0.7101432046777144,-0.2709282545826053,-0.5705420371603087,-0.41398237196354337,-0.42476194076746443,-0.02189789236530578
-0.9422407021453573,-0.8509183039551911,0.3854882716268095,-0.131201570188499,-0.6054144175232135,0.6204909226261843,-0.007777511201020433,-0.18403676080145076
-0.16518266605182666,-1.80253655195366,0.4204772569374573,2.458813677935107,-0.2690399638460826,0.1364281998276321,0.13672231368065735,-0.17073735369924256
1.865426273390952,0.03970803858355903,0.3568057790653513,-1.3127808680999329,-1.9858654466655705,-0.1300486804527654,-0.9846873580499931,-1.0250987586157654
-0.8095198363524858,-0.5844702667414868,-1.2208567008346252,-0.5582316235165625,0.7466793586627117,-0.6103212961898289,-0.11392895952223804,0.3513409799384776
-1.7232213414365487,-0.35808658717612835,-0.4016950257565411,-0.5748267849812733,0.8166304147493466,0.21079414861296927,-0.5291984880743805,-0.3127135891781742
-1.3145567457746068,-1.3110731535851978,-0.08085942775957845,-0.49156616187435265,-0.6971539176088685,-0.30143146315963754,0.23147648339981675,0.03502143306859077
0.5980619753864487,1.5892284436474788,-0.5723679193802342,0.8267713485433259,-0.25682773001903314,0.2823678063531737,1.5341592661833408,-0.213945098382069
0.12632075475550528,-1.3151490406381958,-0.1678578762665386,-0.2114486243257311,0.5669656620568423,-1.2263652332632997,-0.1690255454516866,0.3840821292449146
-1.6365402415399073,-0.15338915539512646,0.13157671749842315,1.123194545994969,-0.0807272115641447,0.9317848224897263,-0.7379804903660966,-0.8313426234786531
-1.5239170431450255,0.7071827813208847,-0.04141424342432778,-0.15744041265512385,0.3004595967692344,-0.2197630976281197,-0.5652319541098344,-0.13924935985770617
-0.7051822241233453,1.18694587318917,-0.41288816164063036,-0.39558134196743816,0.7631574456801824,0.3166433213081764,-0.18365202976272674,-0.43446958292344257
0.697965541103975,-0.179196377290074,0.15683217565782473,-1.274141886401701,1.1935840846278958,0.6645236987154743,-0.17250705015351903,1.7661920735411807
0.23779982689981558,0.5649525450050171,0.004130362042404068,1.1401765828354593,-0.992711549385994,0.29681901568312585,0.024687933890107486,-0.30637251927605247
-1.0670067218101846,-1.1636253211771332,0.35728264572055063,-0.060791386700872,-0.18402944268449045,-1.013836707808851,-0.23927327460928816,-0.3347910015480458
-0.050178275268041125,2.396867474482048,-0.060007625685081084,-0.8896004170833711,1.0048524317432685,-0.17717014221769223,-0.14642804890923053,0.14534729294471485
-0.4021356727759339,-1.1311156256978323,-0.07463716596865325,1.2025168184630355,1.2192167804042278,-0.5724511704306817,-0.251641993095294,0.22025008074809568
-0.45858056949110687,0.39296667065708224,-1.9037053549263976,0.5526718131162658,-0.6482884828894598,-0.22328812733440856,1.1778143897558673,-0.5644830944464188
-0.7750283459966384,1.3551593528928307,0.3985668323669937,1.4218902563952367,0.1583026365892525,-0.7287708679058861,-1.1013213816295229,-0.10898047587023363
-0.5538117616777563,-0.9613224575380518,0.18073789102275137,-0.6283181184505664,-0.6181540963970249,0.19701049087608485,-0.26383238397719005,-0.368467967914857
0.635841220086795,-1.9144847681884396,-0.3128996023504607,-0.34439100367686193,-0.8377399911226274,0.22753673493587756,0.3895247520255258,0.17654735936955746
0.6098884121284258,0.07524475668479248,-1.5189020926115393,-0.08377574824066313,-0.2477021610534508,0.5823029594103806,0.653768798369824,0.5454742178049053
3.2502290704198527,1.1312092331312535,0.5592485726271831,0.9133657672586314,-1.3286849990401104,-0.10716055935230855,-0.0558957057462931,0.23936246059514793
-0.9734162943191521,1.870905766227943,-1.2829732253289494,0.47094873531755477,-0.5294802108883161,0.12541129911552473,-1.05315305252014,-0.9255448838487245
0.05985597117879873,0.7662434124717751,-0.961298361185706,-0.11601960004595736,-0.9055676900820442,-0.06429412615244005,-0.8476869098119786,1.2525396321303424
-0.5798270742076999,-0.5583863840673169,-0.739871852583978,0.17075825039493017,-0.9037473095267963,-0.07677925381719224,-0.506868704232926,0.10308374068361935
-0.10040545897418747,-0.6141809964043786,-0.764353391672786,-0.13485877283673284,0.499290403835076,0.5293386822511913,0.15210937122028106,0.4675317247630559
1.08475335829697,2.219070215849166,-0.3129928707948207,-1.2060395284510523,1.711488780347697,1.7630282138026565,-0.6062837833726887,-0.12022829829933102
0.6374551598708283,3.1989598371304058,-1.4638079163582869,-0.15988190546984402,0.5309866892631765,0.027210819453139197,-0.783207818469713,-0.6510081672926652
-0.07551759676402521,1.3422382913083217,0.9725824214147566,-1.073245302970224,1.5948776912975762,0.43672964765257305,-0.8907341826050262,0.8613393805914823
-0.09097661237569846,-0.6788177129713615,-0.3261928984095167,-0.7252968969405271,-0.44697169602499115,0.2681390412318759,-0.40314377604416196,0.1117319998535572
-0.01339632838014602,-0.5427040208725493,0.893184691776003,1.355913228557792,-1.1013072779250526,-0.539965136143968,0.7817044523336364,0.13836600030230264
-1.1868551112781391,-1.5142723804802087,3.142320347196805,2.7858773581590004,-0.1475333053111063,-3.1567649053155167,-0.16391323118917808,1.44708270674758
-0.31618405992894055,-0.7111534863051917,-0.6895712226217514,0.9013135072683142,-0.3549811020664054,0.09696888660626814,-0.2896424739854522,0.585537736400115
0.07041589098614863,0.41127290842450004,-0.3931951448220725,1.3620761479603984,-0.9939511306490642,-0.5164187658945637,-0.3593139077034693,-0.13325365724307034
-0.6927308267971048,0.306780303056047,-1.4557228777324769,0.046870535520986446,0.8924546076742622,0.7025861492445624,-0.5946848719536907,-1.1177685692237693
1.1635530515308907,3.41482768832543,0.36275330955167323,0.27965700433945356,-1.419812290537305,-0.4338886895275358,2.1928480520243823,0.30354931383615597
0.09605665506832824,-1.1978706578188476,-1.2522952725323895,0.7199593442696661,-0.356718421117329,0.5891744547869406,0.4490918206115939,0.4857443905138315
0.20159001068598945,1.1571773357607675,-1.0433379286124453,0.5097174663554515,-0.44486288988664047,0.24625968858864067,1.1252795891670264,-0.18253805806297332
-0.5325537931198858,0.6476072013215277,-1.3668369376098384,-0.2872561031529729,1.1848415432741752,-0.028816859267376486,-0.6545587826381857,-0.6885437603840834
-1.9019037568379713,-1.0119617006347967,-0.17681581145022346,-0.32372564065040443,0.19577638448388485,-0.7914183380671076,0.15417513929335658,0.5449429679343485
-1.7735677192130581,-0.6048668170000843,-0.11392241442878759,-0.21337264377206988,-0.38020551554761,-0.26724358560907435,-0.41479068460426255,-0.18326419292603036
-0.16335587275400398,1.409207322220625,1.4546186240858994,0.5453665381931347,-2.2063955720691193,3.6410312501165434,-0.07950669525016256,0.6523318951612807
1.7840833934731306,0.3163730203192974,-0.3828388914662571,0.5994280552711178,-1.5959916696132854,0.2784808245016783,-0.03730773854406792,-0.6061772077784885
0.9924529581641824,1.272488639138905,-0.4775939572300221,-0.4671872560240825,-0.987070875188368,0.43030551195445377,-0.6948885728126641,0.12139943581018468
-0.4396186428406086,2.4632843928861017,0.021813678183434413,1.119966096794678,-1.3476184486185958,-0.5043143581670801,0.379123793320633,0.09715304422369031
-1.49983041786781,-0.6226192877677716,-0.11201619831753677,-0.49204078786822697,-0.02195025132724833,0.3746047215030357,0.6128937381382261,0.28499841090970857
1.5758973151696614,1.0567719546389467,1.079800370448496,-0.2576097678870242,-0.14960475720632865,0.13999388260547022,0.4530252048973481,0.11417609340106763
-0.7512832012835113,0.32709752632353084,0.5041058569297339,-0.977940069732762,1.9989966035134719,-1.112094079487996,-0.8413337572707484,0.937852002710518
0.6259346100247476,2.5296551177380753,-0.297893476326801,-0.39783121719976433,0.45532120723974073,-0.15558512482564976,2.1325599318606416,-0.05042194223556829
-1.7117566081931408,0.03203226509830733,0.4807379593973099,-0.4828494862509115,0.7961732551183256,-0.3799335734681069,-0.690875124360272,0.34422446602476603
-1.3653995185172132,-0.6865558591417441,-0.5806017078111747,-0.5227741966929481,0.2660907194026374,-0.3537176202499922,0.14340754545951423,0.4429568189429575
0.7716699955095242,-1.444878629361573,-0.12611398424807163,-0.5719876985188606,0.845908792767736,0.8146693954903907,0.11940801017680591,-0.2002660850630047
-0.16117047023915645,1.988027168020329,-1.0832368198136264,0.5594489502870996,-1.9766141310465524,0.2687216938913209,-0.2796586811389484,0.3894320275117668
-1.7460620852471822,-0.8829835671813671,1.441068398985465,-0.9798004261062896,0.811046035310543,3.2652972925082873,0.814458188762182,-0.5282555540150418
-2.149806394776715,0.8559018797705458,1.2546415781986744,-0.6382685785067113,-1.2346660426193203,3.1643844904846135,-0.8347727549366589,-0.23525148749843378
-0.19344413740284547,-1.0924737028364075,-0.463573887382409,0.635734347166179,-0.6896273195816613,-0.19247685943862822,-0.16417659697405398,-0.18813710839727277
-0.7981775702846606,0.3010559728037342,-1.7853448488729398,0.27163324417257456,0.9507009649320021,0.7626210406965193,1.2188033525404613,-2.047247676687002
1.6892391417683614,-0.8927955796102205,0.05539200260596174,2.177053456954955,0.7445824585817172,-1.244980737192634,0.3489415513095647,0.7973007644014708
0.05135602064681918,-1.1318825713517164,-0.6420363700734931,-0.11505330945966248,-0.08734245773509841,-0.16278021345083352,-0.16553012495102024,0.09312439248963207
0.5149850141776207,-0.2812503762497956,0.5136463289899783,-1.2785267059002499,0.8475070627021959,0.5658967700403007,-0.2180631263168129,1.0601306150876286
-1.1975332102646714,1.1134692482437305,0.49392603475033675,-0.8940334271410159,1.0458290685003162,-0.9119075414925781,0.09838082841706441,0.44265973297746375
2.0308409225344803,-0.5221451214352917,1.819914333485181,-1.3155890557913765,-0.3215860875670952,-0.2199522751690247,-0.6221596127810197,0.38598004937742864
3.867285107622318,-2.408500659739049,1.6147149097704336,-1.5485899844044344,-0.7794281950622712,-0.2721712585959356,-0.08018315602513716,-1.107981241856827
-2.077100304618007,-1.5510061531945853,1.6370980443992915,1.1202155831115606,-1.154527042604314,1.9248524047360271,0.6441336273149768,0.24064818865753687
-1.0385231597532318,1.4424185781899688,-0.33949341149140094,-0.11228346982330932,0.7140526353711256,-0.7584277627947839,1.1809671316957684,-0.718169526556954
0.04935821947437381,3.040598767731863,-0.5305567278243781,1.2337346175415806,-0.10131306634388564,0.08855888323918074,0.9895536790318089,-1.4180876382075271
-1.3723463620828225,-1.1188110594234313,-0.8866135288306194,-0.2517819715508118,-0.063820208470071,-0.03034799881035657,0.10086203158483167,0.3337088648395967
-1.0184499866841317,-1.2381278814829,-0.4649800657120476,0.24267681603043717,-0.186938173801932,-0.08139931682524472,0.13417616557598835,0.010894850559371625
-1.0531417128482685,-0.1710452739452026,0.4154108104870355,0.0795469731444829,1.357109769784244,-0.17971591400375173,-0.6078728779678975,0.0870066287293073
-0.8151953892431948,-0.8750365635196974,-0.2830981932951364,0.05118530748332511,0.34069987967286375,0.17651915143478414,-0.2212999905300546,0.5608718746138832
3.5391443547912873,-2.031497034409621,0.3874254380091365,-2.6453455700795163,0.06695796205407978,-0.591320962283194,-0.1307573350529518,-0.8677397491796043
1.5715480166430622,2.2773243592923875,1.4753543547361434,1.5481741263824296,0.9298166743376695,-0.26458489960311926,-0.4134687722275983,1.028109137427239
2.5493262886321886,0.45009877450306696,0.8691457172775546,-1.864079988390677,-0.7075412231485362,0.42756065861167936,-0.09409548508622169,0.24895596474716308
-0.5755162327586485,-1.2162222960583142,1.2656354901804328,-0.009513720225250709,0.3763349156046352,0.337104236881948,-0.05166481791232827,0.4399213573599997
0.4318462644161787,-0.4949720023402548,0.39217591556693693,-0.5849221735346006,-0.6731282196923671,-0.10443287583016593,-0.40594911867570044,0.8045692866243046
-1.2374587620991029,0.1304764599243877,-0.4448789211898427,-0.5394740769074763,1.456540422196166,-1.515198994772585,-0.880235463056437,0.33137289222879895
-2.4623728351465326,-0.875765030730815,0.8269831559461409,0.37246849177276764,-0.34582156119975804,-3.055098513618092,0.16031630747703407,1.6680124413432464
-2.862714201138456,-0.6594330065321611,0.10947689088569693,-0.09839791599571364,0.05681478988470984,-0.6778273407785078,-0.1857287643968916,-0.23246402809449213
-0.2715759918754261,-0.4705703630924464,-0.19134617139303062,-0.7273159345014576,0.6088169593933879,0.45528934039927627,-0.32917349810971613,1.0788128319688435
0.45625758201051814,-0.26641292070430345,-0.8868858654064848,-0.5188495346007561,-0.27645226147632024,-0.599587031737744,1.0222158396559171,-1.090994205325733
-1.0387462434583932,1.2696508238378221,-0.878595967961232,-0.20468538028495023,0.33775799634891596,-0.21527575216150469,-0.49295742762440226,-0.5385108473600418
-0.8504094826357863,0.6469436296660633,-0.7878193488101054,0.432705517103287,-1.3188751937416083,-0.18633463400927222,0.527468436307112,0.33242380626280865
-0.7183566333466864,-1.5598239455486074,0.5917786096554473,1.5489228081817275,-0.423571049755696,0.18960410450979032,-0.23372815452108606,-0.19071143597340942
1.7951369081549926,-1.5207263758541003,-1.1927243216276489,-0.07966811853902023,0.30426668163979054,0.18080011939473034,0.06464472621920318,-0.28735757659493083
-1.4501427136846934,0.5992974345347328,-0.8273256676394011,0.24875128850556405,0.2670479433991503,0.05095415075718305,0.3467007858182269,-1.104724985882579
0.5138810267111821,-0.31387446777564937,2.082357056198311,1.827102049886932,-0.8393447150231894,-0.1246807005744768,-0.4804609278837876,-0.15110598667862055
-0.1276853995921537,-0.9346651693880021,-0.8991861573391765,-0.11752030328128761,0.04976399406282883,0.5168755811198249,0.03254309067814605,-0.305925523356834
1.0029875249792268,0.7326437588679238,-0.7607504391329951,-0.4902790110224547,-1.308254595957417,-0.1303066222361131,-0.7065035295684047,-0.13888058296868266
0.33464315116199056,-1.9583393777873561,-1.0877733334531556,1.1186604185107125,-0.3854098399356907,1.075767933829484,0.35743910266755585,-0.09033073806514702
1.7656155558821136,1.4964919076485697,0.4502219968296154,0.3146481339401345,-0.27851311649812777,0.035147241751589044,0.5882489395838788,0.0776237074130349
0.14780948997104454,-1.6049882972612546,-0.04122496014568595,0.8026213535425816,0.27554559692018704,0.3405542556681264,0.3490899712113392,-0.020863435052176364
-0.22762973358792077,-0.8959077436334782,-0.21994707161861488,-1.4400069509697913,0.3525213787434166,-1.0764251923654475,-0.39300926128971897,-0.218092042029352
-1.1215201614343038,-0.6012477887807671,-0.30405143033339677,0.3614406745418646,-0.3877970911944948,0.1354845722064443,-0.41314360978128906,0.509151048565845
-1.3106584479572752,-0.2903400688224704,-0.513916103941666,-0.38560074540491573,-0.2271359970150875,-0.8829022029911301,-0.7568458617898103,0.2411005987893321
1.2800904212694606,-1.5278640804983297,-0.9289481604268084,2.2301789503965015,0.04217156030132329,0.7106811452904935,0.6106634994849177,-0.4425918417162001
0.47915170461568674,-1.6392684820893286,-1.4339186090530571,-0.08211749688642413,-0.27469357619907964,-0.21908051912923499,0.6098726004626772,0.24354551268924482
-0.2057285741653799,-0.428440566577824,-0.08632496625282614,0.33139594791941107,-0.8723549440739978,0.6708294354374033,-0.09466773790624046,-0.03880941326332584
0.6168224152472284,-1.8651612819945673,0.43997600431254114,-0.46544665008068653,0.15314060259979542,0.1770842785406744,0.11710657689875094,0.3161287026092244
2.4630193422878555,0.852935510082827,0.41269743720513774,-1.1537826715315713,-0.13447561352121587,-0.3666490546508799,-0.7377638200898881,0.6977762188174716
1.463736077427812,-1.7127517633867013,-0.9879066333692104,-1.2871072279311397,-0.06298646183249039,0.08593030853772057,0.22655951512650582,-1.1464744659138895
0.021372632280694175,-0.2476587515357851,1.2035967133207708,-0.5103463020356959,-0.355794515468391,-0.42788357322835535,-0.40628575126844246,-0.6647938861007576
1.1024879985567144,0.4601245472482262,1.343370037070411,-0.4078293958051107,-0.8280718869782523,0.3987269023255228,-0.05597378748306667,0.5821989914953791
-1.0871336055329266,-0.8333117544594463,-0.9177824739381133,-0.23600968125815197,-0.08828132232424084,-0.4669013101760744,-0.2650577012338098,-0.11976544085537273
1.5453403140295323,-1.7872411343347112,-0.38223981389625133,-0.755012568131119,-0.33718846864785584,-0.03817484061022299,0.23440287377168212,0.4993039844016271
0.5211900234690054,-0.09580849804078918,0.4840579673715792,-0.8249359612621197,0.17964323521171038,-0.3775787018897654,1.1259993723918544,0.33504564977931667
-1.1211616783596268,-1.1115927586454044,0.7274661142524627,0.7862628828150896,-0.18302732486352152,-0.26260738815119683,-0.33015147956974766,-0.24100284387954515
1.8022335736665975,-0.9745792082228918,1.0887275547839876,-0.014829773346509856,-0.019780375860095678,-0.6616746169192171,-0.32054197811710766,0.35368578256992944
4.6944172444288945,-2.517042845421277,1.046009782260024,4.528449162329257,2.117542755806751,1.744474089365784,0.1709763861202313,1.427006927004725
2.0367504029572645,-1.2144086644954213,-0.3682502008129036,0.14338774242119035,-0.20268895128756856,-0.41213681124942014,-0.33643940554688695,-0.19119207233875068
-1.6364627152460152,-0.11440735957187244,-0.6392567273929424,0.5049197374491455,0.18316086762431527,0.5036791846740605,-0.6313784945812209,-0.9091461765892073
0.6480517753166354,-1.1058935197794364,-0.20560744340888104,2.631405442712785,-0.12383397451928731,-0.5652357240946608,-0.3081363308507751,-0.19887764864387253
1.068502728420489,1.2348949867207022,0.09592984306049557,0.49699020277289174,-0.10998490705423189,0.35718250920227185,0.8588213323589798,0.9743035460943629
-0.11923593352352266,-1.7792153043047771,-0.7552932025337201,0.4490112288438396,-0.4512850619566975,0.5314903091261909,0.23454662972319176,0.011500317590771181
2.175760422422333,0.7246477438123918,-0.21349419153923246,0.25506401173365484,-0.9352939562458563,0.3595076926195223,-0.32161948430884085,0.7972665072249844
0.513520719454848,-1.8765492564397412,-0.7173245292448931,-0.31024705705443834,-0.3571374344466631,0.1627771979945427,0.2820869705333829,-0.960354079101808
-2.235261877656574,-0.3260760313469598,0.3521027264714211,0.8530074300408258,0.36872258110952083,-1.2852976445205109,-0.04807706796382699,-0.27594823468169055
0.2621990657111177,-0.03563149204418168,-1.6225514902889422,0.09520281571569118,-0.3947376446215396,0.28819010171722664,0.9711245943305942,0.30439543884154713
1.057364934890385,-1.3163202487715655,2.9868420487414147,-1.5800961014157309,0.3362372508457842,-0.5724002178226746,-0.44737308109569174,-0.21351498463835752
-0.45602521572861926,0.9933975539602835,-0.9615035771994743,1.439297823146417,-1.2233883619319768,0.11087032790438292,-0.017571143909338727,-0.3377362067210627
1.088003629814197,0.7747257285237162,-0.13724420338664986,2.260256495218201,-0.24244314020354557,0.12547573174645313,0.04267047560952757,0.3267445258863537
2.3186691464228804,-1.3091709350961402,0.4348811788504382,-2.3668686752254273,-0.5112351236273803,-0.2568262123371911,-0.09256997210694094,-1.0148924819121559
-0.22455238371469582,-0.50943303170684,-0.0962077729589948,-1.2745159804818478,-0.05877747983681779,0.3257620582783611,0.2827380476254452,-0.33562297211808445
-0.48920945966833185,3.150753044173858,0.23322107598683814,0.3106052783012688,-0.11374051625411839,-0.559441123036492,0.8261880827850258,-0.4710638289227849
2.35933420691821,-2.1848192050718236,2.963106574961462,4.033098960640073,0.5926842613295201,1.0783408986404064,0.5493582238501431,-0.31935152599893246
1.0487155981092826,0.29564503378300255,-0.5907722744645271,0.2922840816671622,0.6274104477522511,0.3828283129707536,0.2729441152561176,0.759086830083761
-0.313537470875269,-0.9571793271618689,-1.3628489739112342,-0.5091921593073437,0.23607371216373585,0.31005165823271424,-0.09889151512503298,0.6618007006290435
0.3584730289846107,1.3676737805040056,1.454719469414466,2.928329234405665,-0.3336944385209475,-0.7478342596109492,-0.13361663480398703,0.5590855169021337
-1.6632223962618349,-0.6991546228311194,0.463568549661642,-0.8092507657918552,0.1163620420129378,-0.35621948358786565,0.1047900401173892,0.3500097354921301
0.7012299287809134,1.9706908053608705,-0.013233951067064494,-0.6642230317187904,1.6402113391244215,0.73889197775831,-0.6079101990907025,0.07826697404146515
0.7470426208163802,-1.4683880004932195,0.009623334898216953,-0.44790025859695826,0.26563533720495436,-1.1056038165038968,-0.05699125426412978,-0.193443585741235
-2.1168205765673536,-0.4482853727411134,0.39614964336425434,-0.7375106840431473,-0.27431629275926517,0.21762342400563411,-0.18171201693179154,0.6127574494997539
-1.088244074632739,-1.0039912830129314,0.33872238629722823,-1.2491233848818248,-0.2227092554710381,-0.7841841731646372,-0.1617078628209584,-0.450224511031546
0.11550680843677848,1.8650882356800826,-0.3067910083676962,-0.47269957633503507,0.9906960405239368,0.879795826354394,-0.3274284091194646,-0.3665026164957563
-0.4781071299017634,1.9238099151217734,-0.06600870440065261,-0.7920992377620419,0.44920257051918566,0.9007210965662804,-0.4631279567013957,-0.1477820651099309
0.6298609436008324,-0.961408401918561,-0.31573659608188315,0.13893496806738861,-1.0174073969107529,0.5046405942420442,-0.3304709714108755,0.35177895451072577
-0.015512458163463234,0.63202080260497,-0.6954462348389315,-0.6130931997144315,-1.5949284757605735,0.23466040904838656,0.7717814209238091,-0.3610393062316491
-0.4933379000623507,0.9913358783243668,-0.7469665099293752,-0.1848186716542282,1.0317418106156482,-0.025692238293450263,-0.6233627613976,-0.41170506307249977
-4.7820568966625485,-0.8256915076163075,2.7412113685394273,-0.5695604827957232,-1.1818403181622585,-0.5633166711364982,0.8376418928976632,0.7178893758033433
-0.9194114609683887,0.22066470878350536,-0.23451562971224102,-0.35553386167767825,1.0648207218824304,0.4463971993756379,-0.8477868519048164,-0.17368522372929504
1.3877878565345902,-0.5175118805319734,0.5350326405998104,-1.1682267876534609,-0.2446029651645195,-0.2883422778912299,-0.4770387391319142,-0.5520248483495128
-1.2722384153538984,-1.192071554370913,0.9730105239657179,-0.4574946172541865,0.300006051641619,-0.6927640115675909,-0.05642503185347467,0.19186329511139322
0.8841953232343608,-1.1245038740456725,1.1170158424258858,2.3761120317962656,-0.3232503389517574,-0.4384689318204657,0.4238449265128533,0.08338885214283402
1.008151367029514,1.2762108875670848,1.425898977082055,-0.4723690590011645,-0.018005302346898424,-0.7391167618016566,0.6219545560409002,0.11211177469224698
-0.9469415753421158,-0.5877602725841207,-0.6772736098143288,0.331805686772339,-0.6353716467317789,-0.18594133758746054,0.5716421105663035,-0.36104331188607264
1.063854513654697,1.7078972473116705,-1.586832291065781,0.10110800584076046,-2.3126482123742953,1.0387611764577298,-0.14938729004344997,1.273412914684953
4.651031657360059,-2.2844203204039997,2.957517802606704,2.438863513491279,-0.01733805044147248,-1.0571009624824939,-0.9947711289479898,-0.3329231577900092
0.39842185709002537,0.5657144353308229,0.34232550541785983,0.7045382247434673,-0.668770437375433,-0.5358002129736482,-0.11136446088113038,-0.6739380291628811
-1.6964111170685994,-0.9244071525761652,0.24956841205163033,0.4742885162979186,0.38743085738940236,-0.2420585740091344,-0.178728418479792,0.1084221814237026
2.422268719249598,-1.7292207253635872,-0.40815447800882254,-1.5806878424870416,0.5899690312297118,0.7441258471092226,0.2628667375595059,-0.1073584363102406
0.47398998478717286,-1.9798989373240732,-1.099363552455997,-0.8019120736787527,-0.28715663109124684,0.7019626124219268,0.3978559169049077,-0.12720202867160443
0.6539594322627726,-1.499608514745649,-1.1544659168968963,-0.7030238710163947,-0.36523955210567993,-0.3184160602445176,0.2729999820400666,0.44013255806299256
0.20891318386181526,-1.7666799007299698,-0.47106407646981724,0.4763099105364544,-0.14881300634612069,0.2461005870395313,0.4643890045994805,-0.07845563838184419
-0.36053274206999747,-0.002389543368590647,0.0775242667845438,0.7006721806738893,1.976788743197248,-0.7363783914632546,0.04962682731492277,-0.31991260876950145
-0.6356519051640974,-0.4470132019252047,-1.0786761214418814,0.8081015812899924,1.1775704137196792,0.6875413244096957,-0.9668886395917493,-1.0654104277571794
-0.5603481213354339,-0.8412883943242833,-0.3672530564439821,-0.5461971579346164,0.6929776413646282,-0.4070648022676804,0.21630117076071,0.039667614553748495
2.2483721772699172,-1.3079577221756635,0.36865510202025975,1.577416620245343,0.3597693824909867,0.18810811029871619,0.013107965451115653,-0.3401632723261876
0.3957396359468709,1.3759691961251843,-0.23410893204345434,0.802033116445523,1.1623583666171724,0.549162946813362,-0.8618000648385509,-0.5060686880633731
-0.19164208408311736,2.7128259325077466,0.5317196160579051,-0.7472768474812026,0.8194028764339274,0.11503636917443293,1.3290435726107923,-0.22078154442242973
-0.11601365576068379,0.4316721696845977,-0.850210211227944,-0.547746139893247,-1.036324724017444,0.05858860099377047,0.18479065268627534,0.3069919059373016
-1.3021081163726642,2.3916254187606754,-0.737358565709132,0.27229791730970787,-1.3855986993925433,0.9915419760900718,-1.1554889040416902,-0.8239053358171768
-1.190188868523383,-0.5976020720499594,-0.24595610871523732,-0.21340918539495599,0.07528556142301084,-0.38139064949207446,0.0019279188623466698,0.7176352982129152
-0.2834752517911462,0.09706503067379023,-0.07719193878181396,-0.6875610607392643,-0.5230092649926378,-0.5382699280589315,-0.3355632149298659,0.28943890089726015
0.6106041561324067,3.2981528372901563,0.37671983147287746,-0.6377331423823965,-1.3842925912453576,-0.7577158775320885,-0.29351394511311896,0.45638854498504444
-0.9043009084358835,-0.6484719145780079,0.24087151461358522,0.6053562045995524,0.3377232659123541,-0.9176518684971433,0.03226590833164373,-0.2724713448885213
-0.6520878595478672,-1.2787855175878204,0.9396132990005641,-1.5542814035898314,0.10293093002809149,-1.0000302270438537,-0.13144535538550095,0.03479659928678663
0.2044795359521249,-1.7683209001599955,0.21465418629992564,-0.3787221713063773,-0.13872525043970085,-0.45601992741580605,0.0904746707622311,-0.0777657363317594
-1.1826865467053755,-0.39903578953121066,-0.3887016380330181,0.044919986151490204,-0.8320700322448298,0.03360153824890571,-0.043601261423133274,-0.015062318001405648
-0.9598495825011353,-0.5540792990322019,-0.1960624927424512,-0.2833547376905819,1.8231952138414624,-0.21411971470102936,-0.43201147755500635,-0.12781627857128955
0.4028263784555685,0.687710493633978,-0.6396881497662945,-0.7152529361571838,1.910241918046219,1.5769518736059291,-0.5113835896172658,-0.5312393789000214
0.42344423944892834,1.5639114631547946,1.3294137766454137,1.145448426738393,-1.8934255778939721,-0.3405794630635571,-1.191285917372291,-1.4621537768556856
-0.02716131482121063,0.18579468074463032,-1.6612272262774974,0.29531902156671647,0.0020376985942352024,-0.5389502290385658,1.0048414139450266,-0.028622588118488924
-0.6529330596316305,-1.2797298583002816,1.037680813255296,2.2670017663437316,0.11394607010085277,-0.7567588383992344,-0.07023763607587268,-0.09456526406183852
-0.9118483630871975,-0.6255961760781996,0.8522269739879428,0.3046081629779705,0.03929044214890695,0.3025523143006112,-0.3683046978728141,-0.27612197644301584
0.9253336007425045,1.3359547562602203,-1.8407317979574265,-0.34934371711061835,2.0167911027828476,0.528784989686641,-0.674658480369915,-0.8947643070051301
-2.162705681489207,0.5115505610339899,-0.371571156515521,1.4326752827100444,-0.7457081098826346,-0.3980152097372148,-0.09006139366892106,-1.138076559748209
0.8841052433344014,1.8447107234503548,-0.6678638066052327,0.5603761539010396,-1.8383995574080552,-0.3464528337209766,-0.5649215869312174,0.16103780940509885
-0.52128024192872,-1.5094180088339602,-0.34429545073939566,0.5111789062576259,0.2966370105279343,-0.3400574731231548,0.0647868583546879,0.17547257069928437
2.5531330952984947,0.45479291486318996,1.894996470969122,-1.3311242514434738,-1.6559008583324248,-0.28014920032324847,-0.353758988007029,-1.472097002392945
-1.4242921708825458,1.271628755150392,-0.4112519470075624,-0.09015105497254532,-1.5400426108900787,0.1844174948897534,0.21527014729473604,0.18851850402167006
-0.6313541926057901,-0.8570672263387686,0.5136832323538235,-0.3846065584121603,0.6133945741234074,-0.7279164709793251,-0.3446344653578844,0.10702791611955353
0.3610973001882449,1.673807838982929,-0.732203377877647,-0.5705501444099155,1.367227518954213,1.1805906325126723,0.2445824351458828,-0.8071406316313121
3.5972453388409833,1.9822481954618278,-0.15858228156716192,-0.02638509737971235,0.4359251074968568,-0.22817509337608863,-0.3913217763196156,-0.7385880037702893
-0.730517583580648,2.787977934776418,-0.249895363206316,-0.01898936671602022,-0.2100561327380786,-0.21819180182513068,0.533492463319537,-0.6198615731970624
-3.139115164544402,-0.5581567330356448,1.8693594725996077,-0.8019092928670131,-0.5356354843076709,1.7417392690683362,0.06294855249509282,0.15208961150300018
-1.3838643460937077,-0.6822329398544406,-0.03958359338481278,-0.7092725938517564,-0.662476511804219,-0.0808971785824294,-0.14386019183402898,0.037976630345637516
1.1400212768145852,-2.0707146811036043,0.4032881769140233,-0.15063830493473404,-0.5345673791086627,1.025300104035097,0.36109049213062866,0.13204725348855462
-0.4632158535435751,1.4502539736717264,0.1668936750206712,1.169628524140635,1.130902279796185,-1.0883528264050508,1.973123638542785,-1.0639107622070696
1.370097141448655,3.3599111048395414,-1.3477920524220834,-0.3323320455989586,1.0319693808413157,0.26085965244582693,-1.7270884061741274,-0.16739157914024955
2.244699550555507,-0.9992608198876068,-0.27191217628274167,-0.2768839163422248,1.2819540953749902,0.41554758573533984,-0.3809784013945943,0.6861755139996082
-0.14535979494893894,-0.10648570779324489,0.19271411318439466,2.607836137702457,-0.2208928507261474,-0.46307517795875414,-0.32291224515225414,0.09705609849451598
-1.1112274369243156,-0.8888201795297821,-1.0522545857041719,-0.35832243678603326,-0.3199883337725434,0.3143785870940414,0.2019199670335214,0.369542478579096
-1.2394807553884035,-0.5401057323585976,-0.5979251053597846,-0.32001518275450963,1.4806988469544475,-0.10214223497613163,-0.2293373864997935,-0.46661217425063306
0.02940287861045493,-0.9513730760352552,-0.5592590860258227,-0.21117036269227826,1.2657802177339166,-0.38185267052460997,0.0019109022475852946,0.9000949698422692
-1.2642782299440805,-0.4483115890260084,-0.9693417445831354,-0.3350724125093814,1.3258443795636028,0.08347383266738359,-0.014949183269660027,-0.791812705780368
3.3731255788372403,-1.6604934031849305,-3.0901031789516495,-0.35796500553098964,1.5644812089645364,1.4735962854194915,0.08755414911086493,-0.7663320676944795
-2.488986068574515,-0.7549855370627456,0.0075407707993578234,-0.821793056164124,0.5959616747380185,-0.003582955704473546,-0.002630337164034964,-0.21120198222980852
-0.6858539523279511,0.47561244224165283,-0.8510114491060744,0.03244515278193025,1.172996921170183,0.47000300676408635,0.7558599217337832,-1.1967937533308535
-0.12708499531696085,-1.4054643167428778,-0.8134449025124725,-0.6871605641059166,0.3615187319570491,0.41385799647697397,0.5004439838286322,1.1905197176568545
0.7252653139947505,-1.334889598605127,-0.3499377796930718,-0.22601442891801704,0.13770965029147966,-0.32552736260210685,-0.07071462637015018,-0.3806416929497511
-1.6473166245502147,-0.1292062936981159,0.6615653867055103,0.001282846899377207,0.7453488043630601,0.13205812580822338,-0.1481975621830963,-0.07982233102371275
-1.385138597570863,-0.9012008667169867,-0.7904602768648149,-0.008324391738954415,-0.08953701358952447,-0.6779442249961212,0.057945994102590874,-0.15918917012614361
-5.12823403670358,-0.6835941894610271,2.2198622320763577,-0.6744667412525703,-1.7840388893349917,-0.458859337187315,0.38386396046648247,0.5638529858323192
-0.16523847714204346,-1.068348348063244,0.11531241952426274,-0.159287455418972,0.15029039870460167,0.23982119391716697,0.22408857574774552,-0.1522364877547492
-0.2746749134153481,-0.8241602782146285,-0.6967421846066887,0.8709412073795096,1.9170998422757906,0.8154766757735711,-0.317398271248833,-1.0995094262815885
0.7123827657458577,2.3964110318495147,-0.8574737493687185,-0.853335471389708,1.7901388677133712,-0.25484986826409933,0.29643540176419575,-0.3271783746455754
-0.6354049144749152,-1.6500488185684552,-0.6037622902626447,0.5412541828287799,0.1774731714459883,0.2178848670204829,0.05642771096126773,-0.48027534659045606
-1.139325985184043,0.7560851643900991,-0.010943219619569669,-0.45830750865316855,0.6521443408261284,0.482579095256569,-0.062085661317927546,-0.3359815962436853
-1.2125617528290071,-0.935334603977958,1.9858026202965624,0.06402496332503643,1.062454886331165,3.3178769481055523,0.8095253676093663,-0.5965176897373509
-0.7376656379458789,1.464299810396415,-0.2721258769097163,0.05107282533168144,0.564442817021826,-0.06790406094015247,0.1575535215245655,-0.5522515079343554
-0.5802349189660668,-1.3515768851011785,1.4206413849852606,0.7928118848663751,0.22352517556263565,-0.8096570085294097,-0.5643996295194195,-0.6996975942481456
0.6256937023655286,-0.8987252277578687,0.5224637311168404,0.12714167988038552,0.4536789787482714,1.263887229315889,0.010773796371986489,1.4964812530520764
3.168603322831042,-1.5621675364237892,-1.268771557719416,0.7219978568172079,0.8141700073990246,0.7046327498935222,-0.9914292754636602,-1.1719869757068055
0.3574255082036871,-1.0965495870790387,0.5285667249544698,-0.6849557506387962,-0.09220823277697571,0.20601608410970015,0.06219287819556459,0.614037055926837
1.3576297347666246,1.9181142129341755,1.1048052313732553,-1.7207878341554304,-0.4623231403248482,-0.3565774320988457,0.8754882544833261,1.2011123614521184
0.9879367771817109,-1.6559720828414488,-1.0344565853026504,0.8914733283866353,-0.4991225817854594,0.5858100590203341,0.3453485967938777,0.6412030413214296
0.997812128988817,-0.7662142737346086,-0.561991070305395,-0.14693892047287835,0.03904101705648835,0.7585758438067428,0.0046585082356274945,-0.3834150363035324
0.6880866646637944,3.6647842503516657,1.4160210270332334,-0.2368328130006508,1.0590127619129204,-0.35654662650927094,0.8069214342720837,0.4655349559295489
0.2786083634589579,2.0249910033039416,-0.32386251690518214,-0.527978445689087,0.6598915498663882,-0.13792107202189874,1.8652356780566153,-0.10182261661241983
1.412354540886144,-1.105024742808969,-1.0339541514725472,-0.5086309167313218,1.6211903448910425,1.4510066600308527,0.4019529986915979,0.7401218489438849
0.8507921137978972,-0.6561590243085456,0.8503852155514734,-1.917580312321311,-0.8081649008740539,-0.16821593033311677,-0.31465665848451363,-0.3805495126870665
-0.6932684206438502,-1.3412509664751728,-1.4032868504991787,0.003151996000012174,0.01898988677906345,0.32195055266524497,0.5877923497458789,0.15081435983240152
0.6989585777427272,0.005812984824241415,0.17691820417344262,-0.08421485700561362,-0.15022725734225958,0.30696907534221596,-0.7147632543452497,0.034915753665456815
1.5308837273133933,-0.8985724729255979,-0.3837290782354399,0.05044013406231479,2.349747162872754,0.48340235425052247,-0.1692273415432219,0.9362581833537111
-1.4081511465912322,-0.06901277868619568,-0.13676431005546205,-0.7685168142310819,0.7803652067345174,1.1489958736885184,-0.38226058092944526,-0.38413947353005556
-0.19986768448551756,2.1183238967429308,-0.007358459635739182,0.05676283543727931,0.22851586849053226,0.524399186721975,-1.5091574692653116,0.055376290086848676
0.9995522704495149,-0.7898417717843663,-0.39497331509900246,-1.2737999714508277,-1.250441979184147,-0.12365195754507029,-0.5902200980813929,-1.1632271876698297
0.5373864764288555,0.5999204397922804,-2.1555514789963697,-0.1718217594757733,1.7351018891845855,1.178629124908736,-1.0929515497633262,-1.2141887308946555
1.030532819265452,-1.4308651634582985,0.095412043395339,1.727249990966255,0.43218855986043647,0.842452289436312,0.07194871657885152,0.984776608313113
-0.8030294188041899,-0.1827973951760606,-0.24609880118899616,-0.45077675944617634,0.6082822928871711,-0.40490325058441523,0.9839892060896697,0.4245795321104386
-2.3434686440801924,-0.20156047918962555,-0.15050800048706905,-0.30100878321759417,0.22625531655305933,-0.3660295259031995,-0.18903697717831278,-0.3205275771398309
-0.9755729856492114,1.0207518769151143,-0.6095569931567819,-0.27521062796267604,0.467450483789907,-0.3678747574037132,-1.7742985866473915,0.1370457189675428
1.630231966701548,2.5730726926481267,-0.6003307008719746,-0.9153687548994316,0.47233223732636054,-0.10660655248334551,1.0499480353234414,1.0961625273397129
-0.6168609968192362,-0.8527969676341262,0.055394257536881424,-0.9350137395967878,0.01859153024986683,-0.8304501238859211,0.10798900902998068,0.42505962636579775
-2.276889160191018,1.0555546964820537,1.7007834139118292,-0.6076539866687494,-1.1155004152844092,2.564865052350238,0.06187344594509153,-0.16834836123915387
0.8774385089735721,-1.1944036792531778,0.06421598341756815,1.2027778293152194,-0.7436510209051076,0.2627644603471354,-0.12457304744085318,0.5806734120789935
0.6979154870136519,-1.4683669211861157,0.2528594164785447,-0.21740106402978526,-0.2644175905094746,1.285985112275707,0.1369370103205667,-0.33012385242891684
0.25820041254741816,2.8454386465273385,0.12747046883469365,-0.5294469113470018,0.8456362128165824,-0.15713284597536098,-0.43796564519096776,0.2311115748737392
0.2883179058836632,-1.0327148057444564,-0.24882073699275664,-1.0015295649337261,-0.0752067389452841,-0.04241704028529505,0.8177831913275732,-0.2899280175307976
-0.43200724094552423,1.5353737117194688,0.4668392167528951,-1.1846445753313772,1.1417771543754371,0.6919558833076707,0.04164082130795781,0.18731289765244039
-2.4161736310532302,0.34249352261252347,1.7671539378391248,0.3429820050783691,-1.1014463631351168,2.3874802100032495,-0.16742344350392774,-0.3846884527265665
-1.078553327501776,-0.9439250578733765,-0.536495355747914,0.10244883332304956,0.03664849861760354,0.05096129463479907,-0.15664030144398178,0.43397287186862665
-0.17835903136007042,-1.3469685220330139,-0.293730387064902,0.1937780030677728,0.43378075019184625,0.6935349976531631,0.106738181323045,0.7912397805798753
0.1556989128550097,-0.09609474983070745,-1.9967350601552445,0.02531886782862522,-1.105803327899356,0.023509287258152656,0.32983263306471833,0.13233127441268008
-0.14499981790287494,-0.9817851244539985,-0.7667800018957801,0.2612757935676675,-0.6877819969762623,0.014048637726761685,-0.4654874200251846,0.10677458718876114
-1.7754717417290977,-1.8611851934692498,-2.3584719178455726,1.4586755804993776,-1.5087869183317553,-0.2333504345766244,0.42398118285781994,-0.7048060393631914
0.6701439297578157,1.2934768361918176,-0.6736827163208587,1.233996712596585,-1.1699957388488949,0.20478819426702197,0.16744883296568477,0.6010667724104839
0.20803075647253982,0.24064847873003076,-0.32788783549934875,0.8528241079925282,-0.10860083023716799,0.05715436756512554,0.05624477975451203,0.5996480696271155
2.0038604821945905,-1.8745072048940912,1.5650821375922923,-2.49631554988099,-0.9074849981119992,0.1445148147232451,-0.45391054002535974,-1.6730255423911482
-0.10869312897855275,-1.3650529692553244,-0.20995077161800763,0.1670118231938453,-0.3227641190842889,0.7974383503151409,0.022449828936981612,-0.291126346274791
3.0255177071244224,1.7300366042064579,1.4253468090122903,-0.9024251203885834,-0.23167664873716615,0.14595593417579797,0.3642084742266521,-0.12300245914293985
1.0536279853603052,-0.2318476073350874,0.6840884119969401,0.09924353462166866,-0.18566019644134793,0.6203146811823479,-0.6142671474147433,0.6209448365261383
-1.4667915565299507,-1.0138803488741799,0.13886800421899562,0.29593207431436264,-0.4812315027319131,-0.9878449469409837,0.30004850404129996,0.5303603841606546
-2.0388684336586755,-0.8575588275012447,0.16644222845737391,0.1957340744178545,0.08436923032813866,-0.4139581674846662,-0.02141833001188837,0.17157636885339578
0.9325203601276982,-0.6626889548562939,-0.3089557377696295,-1.2765305468024657,-0.06575832923644827,-0.6065700502704947,-1.009471588248018,-0.75954442995446
-0.8253160100386031,2.3174489419395266,0.47670406007026506,-0.3445268585478578,0.5046850863099124,-0.6102905115176688,1.3561755581222925,-0.2828657594364436
-0.750758680752365,-0.5543936499460111,-0.12195871856466367,1.7591351876848973,1.0042530161401038,0.6586777791491526,-0.3725163837143241,-1.1462306828277615
0.22960536479429314,0.7628872502362979,-1.353529598215889,0.8883842466012355,-0.9783868026210403,0.6996913286971183,-0.10445097590765098,-0.002405422636755352
0.6297042679506688,-0.7789023323486285,0.32507605861792815,-0.26685300119496175,-0.09739709032572658,-0.34565065214324336,-0.3416809217372369,-0.20469861920506058
-1.2149666161499362,-0.45176993293293743,-0.37692394216347225,-0.3442717286417189,-0.2609128835968843,-0.09744275387876147,-0.012317460558547865,0.7103705218246139
2.2113110619618666,-1.7547319117705265,-0.9401696947906201,-0.12609275753678031,-0.015773548129266773,0.1320003081048057,0.6078128249785483,-0.5196167025654946
-0.15860312894571105,0.8113612640454642,-0.5634241657066967,1.1372135547623,0.9497005675615503,-0.0028377537967618307,-1.0340665905826423,-0.6552056183243231
0.43482001803096126,0.09880918078347414,0.05916484702352021,-0.364949613511332,0.05592128442208563,-0.5654677063227298,-0.2940702401840862,-0.6394646764815918
1.2550679261553654,2.32074401216612,-0.5187831131722819,-0.6946886414050447,-1.8236780133772759,1.0916300353488615,-1.1681703894401516,0.4769062201681589
-1.6706358591210517,-1.019727591949655,0.09529736633727993,0.06636254845439835,-0.33972084171815725,-1.0460870471588322,-0.0867074513064385,-0.3312500378204685
-1.38589030617534,-0.2459322085789147,-0.5135863441734287,-0.5399152852864956,1.6606599465229812,-1.652062514854616,-0.5191117053455775,0.19539325274349204
0.919668446975162,1.2668460317855879,0.4753414661125153,0.7533107972457805,0.48292422732225027,-0.07032500404217543,-1.1939632085427043,1.240946887281789
0.789271578925865,0.21503811766415337,0.2937035419571024,-0.8460739380242333,0.006518987601825301,-0.12813153857928294,0.24438554575491342,0.5165653417691759
-0.7297572852416977,2.1809669315881464,-0.09798630206129193,-0.17303867862512773,-0.1780831114082566,0.5329811336044409,-0.8100915256786846,-0.21779231307208838
-0.28687968264607105,-0.9488850525998098,-1.02151453675923,0.11079758823697533,-0.1740110878323528,-0.49770025133984397,0.3960296051719395,-0.17093708030647287
-0.5444939125168003,-1.4077681012576007,1.0729992152609087,0.6787374212110021,-0.16681989124869248,-0.5537952902364571,-0.0889464255577986,-0.03619425155603401
0.673421691966499,1.8463667954836818,-0.3902443741769815,0.1994510927622131,-0.0773673315531845,-0.7364491675650328,1.8956699021722576,0.542326629573378
-2.682210012606014,-0.31460456488540417,1.8826626860488471,0.6952063623400873,-0.8330584204692589,1.9817543824832358,0.29158233184942856,-0.5290638240752354
-1.8265828905334294,-0.5196678863660475,0.08725714829127226,-0.7469761729354161,1.2363727643305358,-0.5282766972629708,-0.23632870229451317,0.11778137938841939
-0.15412031192428688,-1.3926476595127462,-0.3182122923202557,-0.5748480277195225,-0.8053240023432244,2.1277729697276953,1.2347875406017332,-0.20243335696911066
-1.7064162933086597,-0.3152290575222497,-0.2841985179746797,-0.6369876594328148,0.07336089110971057,-1.2994692216275345,0.19828828703109713,0.10478527075870286
-0.1288348630174623,-0.37128387547199154,-0.9582514875373439,-0.12589364656029955,-0.7797701634350124,0.7338780289076521,-0.403859572269426,1.050956504151294
1.4232016018554943,-1.8859311138185049,0.10906989625841233,0.3092471491480454,0.2746795389685171,-0.5385781424608973,-0.03136116779644094,-0.10082643124937855
-0.42324667159018536,3.1868269003516243,-0.47583916451982444,0.17654983416330097,-0.8098220833288334,0.8242941392083275,-0.6695452793184702,-0.6674622534451512
-1.2932428774081433,0.4010826525937225,0.04958579268590263,-0.8995515647692938,1.217319278224843,-0.5358250260697366,-0.19109316467556273,0.1988943861621966
0.4915790437209251,-2.0230248035473304,-1.214042946492389,-0.06066276721445553,-0.09098153777092753,0.9778981397755495,0.35959129635020726,-0.30212398146668545
0.7428749885942679,-1.9795358608026634,-0.5120192297175592,0.24843690396812904,0.022330083492285636,0.19711484106722843,0.15579692685295296,-0.2070304476001849
-0.17111578805572455,-0.5037924673744087,-0.5539829861704786,0.7743550680662473,1.8162849543325728,0.629681183301966,-0.9003535204911528,-0.7189291127570278
-0.6437067784905103,2.415231877538138,-0.23237802344709022,0.6412169019478368,-0.6938884960855565,0.4761679556512699,-1.5760757353167574,-0.3199842181151226
-0.08778460235191399,-1.3819563174735123,0.33408043013060124,0.4690172398904989,0.7499874227500096,0.12692388393015727,-0.03165794722991265,-0.2543965420466916
-0.8479723915440981,1.281972826020553,0.17809785126856387,-0.6056991865648018,0.9369194967335602,-0.2593606759245538,0.10286134824855005,0.010938501334769897
-0.9215095357038673,1.3728528075253212,0.004107980614055193,0.09507716174474717,0.5572925476886916,-0.20856283109627885,0.4950559626338442,-0.5220594246929099
-1.2130770900016945,-1.0541326140573648,-1.107777298626147,-0.11784122241050499,-1.0566301019976798,-0.7630235464373272,0.23820044668452386,0.12092980201200243
0.10504890582460454,-1.3530850162591483,0.04514638369685627,0.946810716254548,0.1258176313710509,-0.46684432781309904,0.014552872477570703,0.23799833148643265
0.7361304838986042,-0.13375554728963807,-1.3114855141860338,1.1400698998851775,-0.30949723773805765,-0.13311751857842102,-0.5171659255825938,0.7615369561779842
1.1359748597127834,0.28875464824613034,-0.9305828954172428,-0.8134839550752724,0.5569876770208202,-1.2447496042417263,0.9817868593084516,-0.21064431939746192
-2.72686882142642,-1.115099643581787,1.4624186960994805,-0.9609236253876262,0.19193583784775547,2.361366655991303,0.6144541145065345,-0.3132447715311285
-0.7251522856219964,-1.0777964874488066,-0.460406574824777,-0.6506623949216147,-0.14836093730213942,0.3667234703952893,-0.27456285362428556,-0.607142417688739
-1.8206235889367968,-1.1300772325958148,1.323710264283016,-0.7023271830815705,0.7422252480708512,3.297091668436506,0.6310238018753855,-0.6514717476120464
3.1063350110884285,-1.9869320996121518,1.5371031483539723,0.5660210831469584,0.7770854228842686,-0.24136008816119978,-0.48987309972729465,0.32499501799821096
-0.31412014818935363,-0.12570342582302818,1.16219195575641,1.723165380176473,1.418613179389704,-0.021739397921796237,-1.1986569712847501,0.08753880689479897
1.6663321035318979,0.34288866452847205,-0.434562541659139,-0.07905197823105066,-1.2467915361114401,0.6992893362188023,0.4667850593492842,0.5640526987732779
1.5973019897288652,0.7243864703383966,0.36697504565473965,0.8777084541497059,1.4699759574728357,-0.35538402749660736,1.4729084895329532,0.7551146716199342
-0.6667226630988038,-1.2401041420648342,0.414882147450783,1.9427489234961899,0.4365450083669997,-0.556359748014688,-0.16848748178924108,0.35553393816057505
-0.7889574167493046,0.2528181533552695,0.12935479512866518,0.39814168397918237,-0.796574755124847,-0.02840097963842564,-0.30162505198455997,0.08291061057210893
0.6102925959226354,1.2503436465728708,-0.5986593998722793,1.5042462765247733,1.630083417277563,0.059329137840045995,0.9582438632204993,-1.4422370625390877
-0.9682302623780658,0.8411923124820716,-0.8914342651785715,-0.2680534079341996,1.239206617955557,-0.9508181657711258,1.0779073805261252,-0.839375146225729
-0.03924815561480947,-0.3607560222284166,-1.3183249999145092,0.38043991841353203,-0.42841326523162365,0.6308066439602048,-0.24710095021406325,0.36416015476574376
0.09048263086334757,-1.6574414630556633,1.0369721803889702,0.3621599889828369,-0.09524424519028186,-0.2204134101164954,-0.12738530976073428,0.2917211997284984
-2.014177440483134,1.4996619500421502,-0.21468209569896032,-0.1965428719868189,-0.8673637791964613,-0.12909449376388157,-0.929027817882132,-0.19033798054872259
-0.030168530275240538,-1.6497312661532177,1.7052785284861751,3.310953431990493,-0.3394823048936055,-0.34012175648144677,-0.25140896097248533,-0.44928858744456346
-1.1650051413364986,1.8946019215933272,-0.74277547759861,0.3984092801154042,-0.7219579926047937,0.19520314940774788,-1.344399232349835,-0.5531189195078505
2.921258290257233,1.031654080712615,-0.8964444105876825,-1.451206574055796,-0.5447357886569568,-0.6351712863507772,-0.2563505254831192,0.546796184194889
0.9105204632005285,1.0583886918428393,-0.60515613358039,0.31744459349883597,-0.8638625780471233,1.6029320102018427,-0.4006192537291868,0.7791765673361767
1.0525722698341848,-1.5072847775238958,-1.4203545450067574,-0.7716755314801936,-0.5848695522075888,0.19986933078298474,0.18762890080419478,0.4174555699316088
-0.21071945482392435,-1.30362889811167,-0.6601403839899538,0.8555009025968824,-0.2516274397504654,0.3574584923156651,-0.03966753563683975,-0.31130303055885983
0.9440372035434142,1.5589431226144803,-0.16297578287308737,-0.02253042112998735,-0.17000629576954188,0.24882753449010636,0.1354021822541037,1.1654456080719826
-0.3626697140322455,2.2523927767770435,-0.01749275420953546,-0.7089899241372539,0.7879219092944426,-0.1693971372024092,0.29680082295735055,-0.09881461107610662
0.5937195425243736,2.5315334497362483,0.17393231305652274,0.27531194266968667,1.2767869755316978,0.42426295883951143,1.5689551430982644,-0.8865352243346479
0.3514763588027291,-0.04904516604983393,-0.3782742838424504,-1.0850530538601826,0.21164689773738235,-0.6597635826704922,-0.43165759295134665,0.7368688993895948
1.4549167159759324,0.33864382347152666,-0.1879778983169934,-0.7064135237749659,0.42342220051349183,-0.3590831075565709,1.7464096229067663,1.0258292696906928
0.7151480754315577,0.4406933086122642,-0.7415767878084228,-0.4794544890260721,0.3140129974028506,-0.5504787814335688,0.3330371786980592,1.4721426115407852
0.4479406888925976,1.9289302091504477,0.41744906224869943,-0.03141093054141545,0.9795776434255945,1.010944939708906,-1.483476913592944,0.25142921127010304
1.0227477496801685,-0.9869713861229119,0.7119897175474228,-1.679242586073624,-0.5583417349054518,0.02597353911355172,-0.6307215715129869,0.030435545580201017
0.10092951770954942,2.2685042532255046,-0.710431761521633,-0.01081253286911752,0.7239232910784485,0.2956788842857159,0.09524582794884721,-0.7496582401874337
1.2589725409098909,-0.36075742064179833,0.9299276657967552,-1.444537324806579,0.5724504113873855,0.15823545378575626,0.8039919557915769,0.43597243727169815
-1.0331993192881885,1.37626267885168,-0.7325016987577818,0.5465322745140905,0.051980950881247365,-0.16881392652190783,-0.11200276878049174,-0.9062226800896019
1.3953159999143037,0.4992257878871891,-0.3580798821026119,-0.6299932137101881,2.2211163120277897,-0.7858162314453161,0.8373581846283197,1.1048533428813907
0.5530851656291184,-0.7336740607614941,-0.6120260394696635,-0.606669488135427,-0.13749879704916673,-0.3382405843292189,-0.2039515312380597,0.29366247931858175
0.07458494060064412,0.46928391126260305,-0.6831555950368271,-0.13232724011239758,-0.9594925887915544,0.7917755910816282,0.6039186190747581,0.8435608953580951
2.154119727683872,-0.7193343346494524,1.1067394459643407,0.3233757515353113,0.4078471682670209,-0.3882019228760323,-0.10581016612446235,0.803966359138382
2.835351641901056,0.15811138834493144,-0.39186852456687454,-1.3400568572114506,-1.053109124561818,0.39352695594739184,0.21924786957335538,-1.3835993434941198
-1.525401962359189,-0.7990132698157234,-0.6736797047805728,0.14314790531853436,-0.4075600669401699,-0.03962255395494062,0.17277175184532886,0.14958141402938976
-0.8420893626940718,2.117967447097351,-0.2780381716286942,0.0478113741439405,-0.3819880260851829,0.6552068685387903,-0.7123075373458485,-0.4843253080010519
0.9573346622401488,1.899751172251474,1.3380553000829247,-0.4157790001023245,-0.7664584042348839,-2.3063870581734514,0.5269085973282436,-1.4237068934140722
-0.927086547065344,-1.2409014529161677,0.04272816756154607,1.194761185343493,-0.2872847759192397,-0.042538738620901566,-0.0767453191244726,0.32709809723115596
1.2428716028870876,2.0783519051749635,-0.5618493314724018,0.18541787589406394,-2.031161993908137,0.3685646210152354,-1.0970690821072298,-0.7101525130655162
1.6571716802402652,-1.4601178630765987,-1.344148316297034,-0.7943329909869149,0.47131282747490455,-0.315540016751221,0.34602830748035346,0.4056456038435638
0.025586020331468288,-0.15548936149903136,-2.150622182931823,0.15893769844120992,-0.756393925287461,0.6134758785097303,-0.3187166775011611,0.1854056825306364
3.2979249571591724,-0.2421546313998144,1.8708611778750448,-3.0345950570632843,-1.102779364334975,-1.0895369716516081,1.3580919762646741,-0.6132506220413965
-1.252529523526167,-1.135370787212025,0.7613146512853275,0.41825922789204056,-0.28630414182958264,-0.2976377622324432,-0.33198867692076567,-0.0907192660038858
2.200300229094144,-0.9485742032556594,-0.2776211445386256,1.0543904399530042,-0.13908179478362223,-0.6764607140455211,0.09882845026523594,0.543088455002705
1.3177846683269352,-0.2000970101069925,-0.15185048300417095,-1.153736573278257,1.6333957530055416,-0.32453794227535054,0.565939755480956,0.6086887889086227
1.1389959416280235,2.0318298130702903,-1.1078388747337662,-0.21811111835300287,-0.7253374444529667,0.706507532920821,-0.8025279481225716,0.9998085134381257
-1.605285353693166,-1.3007640978221702,2.604111686493681,0.8253640434973766,0.8718474499559965,2.548580370210899,0.4158441691767678,-0.25225323536016886
-2.4749056204403717,-0.4707283008958088,-0.101394591640121,0.4822411485770035,0.14158640356152363,-0.7540879366482963,0.011438784896828308,-0.5744272464161094
-0.5188892865183489,0.04249062278614974,1.4771989269316808,0.8034554319462701,-1.2027893594202377,0.0019933576827394733,-0.11644150252970675,-0.043616378439889296
1.9274945702697206,0.48776695194031316,0.7031936420720114,0.5844891836721832,-0.5844949366936424,-0.02617581132517895,-1.0484422173745704,0.5555878686284955
-0.2589627819436294,-1.4138256645313352,-0.47130252043383714,0.4097371059170115,0.1890417350833977,0.3329086932740414,0.14316156206935865,0.8350624716792414
1.6759665239975452,1.565717879630969,-0.40480011598378635,-0.2488450247405623,0.26196282143679334,1.5090875052990647,-0.21039291713816452,0.9269852155161085
0.5993243125145734,0.1552597147280803,0.015653517663088146,-0.028592215770741246,-1.5815679411673944,0.3267781184416664,0.46410959974389626,-0.5847503376358972
-0.4403049211711863,2.2716726921320745,-0.4753897244712144,-0.53217678140899,0.4793846807784313,0.2743565127098822,0.6158245616865131,-0.6635669877510468
-0.5907263686739379,-1.430506892013942,-0.6605697432626509,-0.30079618169682637,-0.1810887662652433,0.10455595051235395,0.0016597881595977455,-0.0794865066263472
2.2053578858967677,-1.563366392159367,-0.5621359042899908,0.5359317129202439,0.2716007809916298,0.06725894226499962,0.09395320498570893,-0.6699552772841555
-1.1216833110732418,-0.7338516701215475,-0.7129381553797961,0.28505622394168517,-0.38950718697973685,-0.4063293394489339,0.7570340298598798,0.3542145396108963
-0.48748165000860966,-0.441418084253377,0.030160877729234186,0.7770593559535969,-0.035486921728250145,-0.9739882339879427,0.6558246655480254,-0.20916729622904956
-2.451179945496364,-0.37786448745102996,2.230227147444821,-1.0145314965496477,0.1446727153379276,2.0926820364539234,0.45253474969700264,0.2751880103932583
0.39636757917066695,0.4964209049786417,0.17150439498134254,1.7819464162948417,-0.17637304382987967,-0.16278701865430364,0.21363160486390023,-0.6009850558122183
-1.4356328023129097,-1.1036119358287564,-0.48837229496363416,-0.642907952149591,0.08258499474523127,-0.142911607758702,0.4521101104083787,0.648907451688085
0.7762663649566696,-0.7127713068306158,-1.8791131086079587,0.3273030894992993,-0.7014767600219934,-0.08802257946936493,0.08745021143994411,0.4535985363898194
1.2044836802050658,0.4884791707044865,0.2587187907520149,-1.1594003097845036,-0.6423415466743314,-0.044368761110854193,-0.047131571352886634,-0.27598333626707444
-0.5136778157290118,-0.5163675321116634,-0.9677997137945699,0.09322905565856068,-0.5743563224576517,0.7854738502684504,0.12250623993831873,0.3844799659260575
-0.4861456478888335,1.905184704535324,-0.8483003086708695,-0.0034886054908100377,-0.4783998189015891,-1.2158945659216547,0.29312318647537894,0.32002356043903374
1.555217926796351,1.9487379379210028,0.22346401724672574,0.13092285642513618,-1.031567672998192,0.44139320518311587,-0.33387314199351675,-0.10511411915256069
-1.0621955726981975,-0.2674401171113923,-0.9839828159807951,-0.3646436644319224,1.3150628431038707,0.3125365002980403,-0.2070327694445516,-0.7643400631282332
-1.757373534343223,1.5339440064745717,-0.3108865492464639,-0.13656499440500894,-0.8279101381290513,0.23219379924700598,-1.2524676983000895,-0.22503607945590928
2.3272847628795312,-1.6836299834960486,1.8047723343186166,3.033725211371355,1.9408619526225372,0.7792880270815322,0.09647071226594257,1.4155302668992664
0.8890574189420504,0.6927355470774019,-1.155299212895672,-0.2691084233332774,-1.3488597385212968,0.406736974149435,0.5097400455317163,-0.018245579424054727
-1.6299620913712454,-0.2824662601466135,0.2554706988460945,-0.08614915881108023,-0.7464775060052427,-0.48346495187296445,-0.23155802013809165,0.3021271088637293
-3.759823405865576,-1.2421453355370544,1.5771139785474997,0.05637608626846992,-0.7791327112638724,1.1879397404855254,0.7601051690283445,-0.49483006935440327
-1.7888759830985914,-1.3251840425698806,-0.6904645259829667,0.3892309001189645,-1.2288024483467288,-0.3911308260422736,0.13722187999447785,0.00300469485924589
1.0416026190324743,0.5439961740637275,-1.1559559265608808,-0.38283888186363674,-0.23201766162376816,0.09816724826052697,0.33247340828144156,-0.26853757366113
-0.026895608898616537,-1.6745173161444198,-0.23020603622640087,-0.5119325552594879,-0.6907935183291846,1.0874638704555275,0.7729383934182565,0.9096296243869892
-0.23568716882935806,-0.7972193891199385,-0.42117409415701335,-0.3990235049636911,0.10276671359155531,0.11597347194454415,-0.04742922437014861,-0.1619732963811835
0.35280527430211317,0.09304122871187592,-0.4833025710807228,0.4286352867474841,1.9944897635130743,0.7239822547563216,-1.2866979891345471,-0.3786594684564596
-0.4540542193673146,1.6557346845193794,-0.6025802054074851,-0.5736928846413087,0.8499502186857817,0.18375119112300556,0.19042055327027377,-0.5317743441709267
-1.2072037200245613,1.3532633612217708,-1.1321417130955407,0.8876787311155173,-0.3673901221139374,-0.05681435813980032,-0.31276747896023055,-1.2383069039057872
-0.2612179644994181,-1.330609734234045,-0.08887064411858038,-0.13593722523157237,-0.09163401809250561,0.3777177339731098,-0.457714186489899,-0.8542987395694014
4.351418997355023,-2.5900592752509244,0.5943954670308359,-2.420585522113718,0.08317546725761273,-0.37187355375717324,-0.7855560036656845,-2.636171632218514
1.2537308451342772,-1.3938751030716336,-0.35954688535757734,0.4968475169690639,-0.6894695498821396,-0.658066328695623,0.22314360940210587,0.04071876806129308
0.3939525328986916,-1.0309492960957545,-0.04474470598588831,0.524938121806862,-0.057644723925622865,-0.4051979538748663,-0.04623245731218718,-0.046561775438064244
2.2320314246125497,-0.45920634445978137,-0.45707255728176993,-0.16789970161827059,0.06928310778516605,1.0199005612141478,-0.7014352795915226,0.47540163887517645
-0.7051344961039098,-1.1224944392256206,-1.6445971016856036,-0.4370253577652825,0.058268121807463095,-0.08401830889866885,0.04578355826537031,-0.026520042786278068
-1.2724697457749061,-0.7919907602592389,-0.6808284920658212,-0.389028437294815,-0.211115656208364,0.38487365086312264,0.02531769572825963,-0.4391542978479853
-0.831675495215773,0.39047589574480773,-0.14809820092490017,-0.021218048031918613,0.95227036276959,0.5174032654864916,-0.540480850240573,-0.3797468966456451
2.3748467041725068,0.7335571955365894,1.421466963022674,0.955196493236784,0.8970848423758931,-0.7314551358520006,0.856682448630047,0.1923381631819517
0.17359430650763585,1.099602817460214,-0.4258909911764838,-0.47733636509581195,0.5957390172961942,-0.8893552358704949,2.344378024557508,0.4389720305485689
-0.4232042050917502,-1.3622235966465468,1.0957060744982885,-0.1530232519437678,-0.7714889518571386,-0.9236027673064173,-0.42699096913617574,-0.8276769203747424
-1.4369928217061598,-1.1413846995027142,1.1305085471638125,-0.4036416117180642,-0.5845346755972061,-0.011086945367164432,0.355873942696611,-0.013173649684315033
-0.9832924317347567,-1.0236913386663458,-0.01592978122518601,0.4078592692922564,-0.10810058997729352,-0.6513138073805029,-0.39427234723825605,-0.0370134478374933
-2.327819042375098,-1.5063995934225471,-2.160359252354216,1.1084843814847152,-1.178759043973509,-0.8410066789468349,0.054597928102256554,-1.1440625029432752
-2.3363605965766525,-0.6921149966902552,-0.4483233280035981,0.09947506007035614,-0.5707241572376002,-0.8310368548863468,-0.07762096191431533,-0.05970462894454678
-0.9113792775699282,0.09950322823060465,2.1445579583769656,-1.1766578826480028,1.18419557800506,3.462002000475859,1.2692020935029078,-0.20061152350100653
-2.1029062864063484,-0.6841376786617492,-0.38433869643361884,-0.5199785349406967,0.031114978854902265,-1.15997156747642,-0.0682741129811412,0.5729963560766722
-4.356553742559199,0.39769361032383876,2.932801049911674,-0.4237056662176056,-1.9829413808328042,-0.13831113575166287,-0.4803531221593905,1.1346839563282487
-1.4357512990433614,0.8355771159142755,-0.22033215213940982,-0.4478446160122195,0.44397244146746684,-0.4099939808784674,-0.6106640773233561,-0.03857626180370729
-1.5208446448830635,-0.2624876244747152,0.6278630254832086,0.6244905387791406,1.0492533587819604,-0.6258905482567269,0.308128057828272,-0.2648821655561189
-1.005501428106366,-0.9400220944363209,-1.0601756002820864,0.1654594227287438,-0.7505436287388036,-0.18828732835606873,-0.14465864137922205,0.02926360405579856
2.4038451013914903,-2.549768308566912,0.9434614480785068,-1.338546358493097,-0.8693355204469915,-0.029889803504956628,-0.3599456450360973,-1.178287404082622
0.41262524811525464,-1.2539676245779812,1.1296711308085825,0.19365037319657694,0.26506633290241577,-1.249655025424487,-0.2829141141668857,0.4012852360370161
-0.8604127795816157,-0.8301565836836562,-0.45332766366506283,0.5936961214323582,-0.048709870709220275,-0.473638453579581,-0.23503907835866084,-0.5785530933366251
0.771852269795111,-1.1156065154469161,0.32258518371987976,-0.24179835970493516,0.07606181962507863,-0.4360246622533438,-0.3237582158263395,-0.26240298638755793
-1.170212595631931,0.3580121740895523,-1.6908947056077877,-0.17653404012544935,1.4580785834889236,-2.5438537867133313,-0.5193128116124648,-0.2958976197833942
-0.546354007563026,1.1006347236988265,0.5421946012425224,1.6636686898230406,0.23807954259729075,0.09241215496537303,-1.1166968385702725,-0.3292420015175066
-1.2089280689087603,0.05374176444804146,-0.5546219950817904,6.456897639487025e-05,-0.1648031299523167,-0.46021205076234906,-0.22835963715480867,0.32555673576430455
0.17746436548751907,-0.16363195733578906,1.1517262625859714,-0.9635390331002497,0.7896447168087551,-1.0814637504238613,0.25629727820693554,0.4933854184733683
0.7039780634543964,2.848920926529066,1.6572098554766834,2.6941598535468754,0.4209924398139884,-0.5188567253970212,-0.2810273981873194,-0.12513669673589436
-2.168825776169821,-0.0734545982760362,0.04939393955757399,-0.6907323468860241,0.41595860867797935,-0.3664554683709471,-0.6488658245900811,0.12156303581553204
0.6673969184424291,1.0240767512678333,-0.32487663882631496,-0.7674669695161068,-0.10348886743249446,-0.5032564941040095,-0.6658000602409093,-0.36502046501268376
-0.35493730338283597,1.275527157026665,-0.8652338489643507,0.040362732190728855,1.0117232663221731,-0.3156816559391052,-0.38012037371745455,-0.5508973609381476
-0.2660232990763368,-0.009013817702399438,-0.4299535524849151,0.1586360031303701,0.5282115732146934,-1.0700825252731105,-0.43703593264010876,-0.24437291834981126
-1.8422982025740329,1.0904961458639173,-0.8450540134982473,-0.33834849437600495,-0.15684866193695157,-0.818791878654093,-0.6281385925282391,-0.344908392560671
0.6062922331571672,-0.022479056902921474,1.2784140986980388,1.5358611006065916,2.433143009072094,0.4567019220522813,-0.12372370530678717,-0.17525125734744276
-1.189095505203353,-0.5663058405708911,0.6376002905681339,0.6087108346157447,0.00013989263116932326,-0.6016714601042514,-0.48574987491976235,0.23592199776227102
-0.03436496439122567,3.134417664426918,0.8273345927005431,-0.5723565598826456,0.7671039359027606,-0.24702855584840466,1.2703160209334374,0.006891711308548126
1.0683138855209702,-1.6993968117381153,1.0350275394284212,-1.1575888091922257,0.6404288244522502,0.9411234931638144,0.23287888551633096,0.8187433842537718
-0.9911782832247922,-1.1536420732218717,0.045560357097351685,-0.7944150143549161,-0.09068898720153648,-0.12754491915869368,-0.05589931864476546,-0.16313357566051995
0.935968298862352,-0.9200411128209333,1.4443445123810204,-1.96268330917724,-0.12397520059009223,-0.49521995032488064,-0.8672830587652638,-1.029499114945428
-0.05582583568798283,-1.3351133231685381,-0.6760968829382281,-0.5237224248331331,-0.7173457251610633,0.5297404995196248,0.3429371044341492,0.370174854905026
-0.20240514708284216,3.086924128752221,0.23964507576952168,-0.6165247207373421,0.43716114449043114,-0.5979173360245961,-0.11494199971734148,0.2779153575921896
1.0872107400452573,1.6629901568285554,-0.33931955927475266,-0.600210570468226,-1.4082002844768622,-0.4328557341449697,-0.6265422708274772,0.7368232180980447
0.010047015306894058,1.7794876221627431,0.7455029824481589,0.8896938485035435,-1.067606964436329,-0.8274967090740684,0.001373755286612675,0.5442791565196514
-0.49104874480872807,-0.8168530779379967,0.02774020411770305,-0.9302640608736503,0.6688479819932369,-0.6270246601491034,-0.20485407826284957,0.8276151283882216
-0.3059839998783681,1.1256306294596476,1.2103269493817341,1.8893459308673768,0.2113196761128422,0.8524852992863392,-1.2327645730302632,-0.21407643557785214
2.5754474322325853,-0.02923584417092098,0.8640205291506784,2.298158168561855,-1.0255430605617724,-0.2563308208552557,1.402786405252786,-0.45580028578759446
-0.9953340717934533,-0.24951701123577144,0.776081867293091,2.1750597500249103,0.530817716871545,-0.8705496121846684,0.4637521281931598,-0.34109277863477655
2.820762056946585,0.8148835636751395,0.5866816187278996,0.058164585999736444,-1.500195179714636,0.8602486116204567,-1.1919671801108633,-0.027787939063637395
0.4665873443945439,0.42411037552351216,0.13345259334959247,-1.146388399182057,-1.5299001971668167,-0.6439141091660018,-0.16297303770140775,0.17381456955459418
-0.1725239449436446,-1.3648750652602726,-1.171652329616773,0.2476585399090098,0.3324217937026096,0.4529574952118567,-0.007466404179655458,0.1562501838459934
-1.6577150951252169,0.22181881850969704,-0.2569945782583437,-0.6781593079896036,0.521185065077502,0.1779609320858601,-0.6915780533148504,-0.1290305118102658
-0.7273098167923926,1.5400669549030876,1.4173283119159334,0.5829974560817227,0.8607691925960981,-0.04937397443222367,2.059182950508456,-0.5351912286762226
0.6553653417572906,0.3461105770695256,1.1187352914262534,-1.5144218825039255,1.037264133023605,0.020547181223269557,-0.03294754212247047,0.5613946590207279
0.3252973263838678,-0.7530283022812669,1.1436177581780798,1.0808003400932944,-1.232656961365344,-0.8240882358273531,0.08186824138525735,0.005219970570331943
0.9529986731435808,-1.0783612184695794,0.8029911315854531,0.5521791262228725,-0.1132177701094039,-0.36672808649740457,0.011106385790771674,-0.3424589527430373
-0.9684937960043536,0.40155980995825197,-0.26823963840976983,-0.017463658669537866,-0.8836813020254375,0.2054242498806709,-0.4669574057302798,0.7277953013436369
-1.1357626315216907,1.697390313759857,-0.49058615590066335,-0.2860103807221032,0.18691750772751856,-0.20565317709946962,0.5006592358928516,-0.6693987103473423
-0.19306592819085194,-1.3501595591515492,-0.7866444477477308,-0.9106918038634626,-0.13896614250382336,-0.05263514445667222,-0.019753222310047603,-0.19286235687153971
1.9532626068751642,1.699753970336919,1.2496718898274422,2.152976038298375,2.4245755027600433,0.14248793511631175,-0.597279782741653,-0.031328081349016115
-0.7201035513406748,0.518793318678385,0.4627051234640503,-0.03511703742418433,-0.16077745794976256,-0.9913564896587657,0.06847805468954309,-0.04147143012394769
0.28605279206873496,0.05968170197197038,0.6066176449485444,-0.9456374939460405,-0.4646609204038913,0.12448619614518912,0.3898506461880229,0.36087310841410825
0.6241404083925846,-1.809711613107494,-0.4811905300218152,-0.8113366605978423,-0.3428309747213104,0.2581332533999401,-0.04428594615645814,-0.2579310548172301
-1.4968929755085152,0.004542579103899111,-0.01721134976162963,-0.7773569844003041,0.8170539138306984,0.5779676250507689,-0.49646310270697913,-0.12313392814965993
-1.115792253759741,-1.1339108415790893,-0.8172434776667833,1.03968615095011,-0.39233244735125833,-0.4359847003568623,-0.07928693104493932,0.2140460032878187
-1.5471608712646079,-0.3573494348569888,-0.19270178988360134,-0.3797411075338217,-0.1973358770140942,-1.047842627732928,0.05116128853856595,0.25649001170351055
0.25834351678818523,-1.592443203692276,0.9057988726200399,-1.7593481071359645,-0.7501534379734183,0.3878924808887762,-0.35867157440381164,-1.0587558667916648
0.1589352950451514,-1.5577475777635104,-1.248653584709245,-0.43969315593050373,-0.12636512760043883,-0.27565648089516803,0.4420560120316316,0.3002997807906969
-0.2924049141225661,2.228631236101967,-0.8351775245890586,0.5268328068733267,0.1383061333587662,0.13181842934598562,-0.08334805133292413,-0.9686871554329336
1.1528743202141658,0.10642859888309798,-0.8467637493308958,-0.5334015594697898,-0.3280450522029375,-0.07955390816090163,0.1159580079636155,0.775065562619183
-1.3687231745893105,-1.2193089021071286,-0.5470575467417885,-0.3018249995101538,-0.022933952396386972,-0.5033831111205843,0.3873027395355028,0.761421460338887
0.5902226114954454,0.3212128533222964,1.0517074347154782,-1.2328630199931288,0.5765300005435253,-0.2480828491666375,-0.3263584842585248,0.19345263636270588
2.5673222522942267,-1.4037499250321035,0.7986288521161631,-2.385955697707362,-0.29027272012589983,-0.892380900076788,-0.9715909126845692,-0.6918638061790987
-3.3395446133270834,-1.2761094354414582,1.6431121925326202,-0.48834290430194294,-0.27864370599168414,1.6353833892462084,0.5350225597355576,-0.24116111889390748
3.6631436266403035,-1.0706566078669448,0.9821705578269482,-1.2977278717370857,-1.270521876119101,-0.8573037634386749,-0.5543097265835478,-1.1782154077880829
-0.41353519473448996,3.029292094084196,0.022844883813713256,-0.42627078359115284,0.44968069008865136,-0.5619589674962091,1.6611355459077548,-0.5705865468316074
-1.7291404044226133,1.0245373553775565,-0.8420252368591246,-0.15173704182358944,0.08835652646796882,-1.5000931012346868,-1.0113233305572225,-0.0689572744924432
2.018408932080671,1.7088138954712706,0.4538609139553757,0.5076833076804236,-0.8545008699181598,-0.7249354225463435,0.13331427087792055,0.2915584752641006
0.3332474388580828,-0.8776175874265089,-0.24672030460929015,0.13638605301594772,0.10855977542349896,-0.027109264698890457,0.5468914199832609,-0.0162729854540883
0.004189301788911139,2.559727141644511,0.05235212555575964,-0.9413718209313456,0.7200978525100538,0.42776359497804967,-0.5498534038000394,0.19470838446665464
-0.6996755054143192,1.1401381222579257,-0.46883040338879045,-0.11960603636935697,0.5614413687434948,0.8549515431752545,0.07244790022509835,-0.8186997324118689
1.56208469518148,1.9231503728381951,-0.8674076895305718,-0.39092556467367967,-2.5415271912027197,-0.07732171304169189,1.1413568500952043,-0.13859033105690105
0.27156636115336497,-0.8196865061821218,-1.4901285233827528,-0.47834238362741477,0.6737563073481331,-0.27457342343107644,0.6637199644232349,0.7932439242099885
0.8400400507232418,-1.7303170116794937,1.112472896567171,0.8171700183602129,-0.45239116367862037,0.2832603611539272,0.4732448139893142,0.27094413295520325
2.488893182231254,-1.3780190051212393,1.0292847973782555,1.587292167708831,2.000318171779161,0.7834386095684818,-0.19872635760172536,1.8820400446218128
-1.1107561228979783,-0.8242732069333861,0.39705555084885813,0.634126911026184,0.15322359335417454,-0.8305264785723177,0.04538464660859097,0.013795664380875863
1.0308041118890396,0.4393439459434899,-2.1211658501871864,0.371429156288203,-1.0620059481355744,1.1677955527208579,0.33564969242567766,-0.4042176469993806
-1.571491053361637,0.8946692637992649,0.5203834377179851,0.12628276786583176,0.3030180336474527,-0.5799055044142084,0.03801576974581354,-0.06795864784041497
1.5391769245763716,0.04009666775992783,1.0078862147748275,-1.3300313309939364,0.7853003065681459,0.22741495761387254,0.06655248768835163,0.1419102597464576
-0.31817273178615796,0.6737053717631595,0.7109322411371962,-0.9410864151245629,1.9085759228601185,0.06129025182096996,-0.5052398876005754,0.6237199929061791
-0.12101957388102788,-1.75521676044266,-0.4786953338364776,0.23293273962664074,-0.07631077003782936,0.10540593946225885,0.366172578669737,0.422199340600577
-4.345077476060133,0.4187525156664449,2.9295338014116097,-0.8415069331972722,-1.7709219356256447,-0.14490386194918933,-0.17110565312111975,1.1934162693333092
-0.1422031259077469,-1.3339454467173786,1.522240207382636,0.3874852251116098,-0.2851896571881769,-1.039514320985799,-0.7536657103729885,-1.0782586234440423
-0.5363235781360639,1.7662974335735233,-1.0608841127945277,-0.03350115014691525,0.12606480643002818,0.7580849406539111,-0.453823742699685,-0.9439423982640314
-1.7561748088700218,0.5975552243730029,2.7375608091001036,-1.450721265167494,0.3465973827176832,2.379541268878221,0.5211345493416052,0.6842955084886359
-0.7485010204727126,-0.2866988954513104,-3.035062000534137,1.6259987237864164,-1.6443014593535534,0.35287359534105384,0.43191322032074253,-1.3375814188087056
0.9742895031075034,-1.57751690682688,0.6140467149720229,0.5715221279191924,-0.6278350576734297,0.5793891457180558,0.37254521607621155,0.2898654154453696
-1.5670913074292563,0.43533875440634523,-0.5870100193571598,-0.28608842964799597,0.2910778144405739,0.3626917533734969,-0.254695237436013,-0.6581442320518389
-0.5387426880791253,-0.15233776834065435,-0.6218894539246177,-0.8543906249944606,-0.293894029980202,-0.5001236889927456,-0.3777086904868499,0.009500757565347656
-1.0749945273959538,-0.483039072891008,-0.7168446492183365,-0.7430083635977531,0.17019345078217066,-0.06634627739956123,0.07818131823216103,0.5716327260688875
0.8255792932642886,2.7175679519114277,-0.7888338301493424,0.8193216034698342,0.32994037709553603,0.9702353142659703,-1.6393539539006994,-0.624202568640857
2.1247248363516182,-0.45279323914812714,-0.26579570426021326,-0.9144468957977221,-0.13783703112513143,0.07010882430347469,-0.4769286331963977,0.41861161204875974
0.08713532706457396,-1.6049322287559151,-1.5693631578117702,-0.3215806751013215,-0.024868013498928143,-0.2215113843236986,0.16087517606495905,-0.5844093306071024
-0.8191828460016349,-1.6095676372538108,-0.01445682146299571,0.268917450954369,-0.1712940676430956,-0.3008363545411774,0.19835788845602562,-0.07830950345459298
-4.957435772053326,-0.5011237601805826,2.3980400734268406,-0.5451476556253902,-1.8116568047558508,-0.4023388342238254,0.17899700252644235,0.681620960330749
-0.9362028118071656,-0.9902582799056124,-0.6478666828722239,-0.5232873239435039,0.2268607767605081,-0.31064662014400024,0.06997442487912924,0.9023855092945942
0.4961323649529724,0.32329705507622836,-0.9179264057803558,1.479893321016212,-1.621855721727432,0.36640093146970487,0.006246777249987461,0.06911130101873053
-0.34214266474039134,0.021807733954102907,-0.7370406294041357,-0.6242021801253267,1.9628890974593751,0.42053149521326055,-0.2275000986515468,-0.4664989551477389
-0.04232153013586218,-0.3008061560594425,0.6280707975318165,-0.691686568084603,0.771430282704047,-0.6475190690413403,-0.21520547448485527,0.557599836365317
-0.1952533540150359,-1.5168883349275635,-1.7321579662692548,0.5103343683825908,0.3561006976857484,-0.3968190775790434,0.006997332405288459,-0.2512629453577641
0.9195397520020734,-0.45922578664394864,-0.2018931395890768,-0.7109055012120025,-0.3744888040519036,-0.3991983842861341,-0.6488422487085037,0.5891750548678635
-0.6095428644013559,-1.2244442682429115,-1.3680736351541878,-0.2546105644769928,-0.2613672443899036,-0.3422689814715339,0.23226061494772066,0.3547665646753618
-2.1522707285684346,0.2697871041657958,-0.4491441587175496,0.21445950866324265,-0.3302584833784071,0.017779308651916792,-0.5952387670116156,-0.6361345690541268
2.298919679979047,1.11022397031832,1.0232591558937258,1.3918284275477952,-0.13204056810124354,-0.33618843138939647,-0.7554080945843669,0.29657619163481336
-0.07202299964510643,-0.7566498258136877,0.4886308667922271,-1.7614972936888584,0.45223684735271386,-0.7985064843304566,-0.13265248139436578,0.4561761365195429
-1.7580078545767788,0.051455799607348744,1.643029133174782,-0.48461416030866017,0.1523307277588766,2.945960527047977,1.2061900914250656,-0.6769451931044295
-0.6688311145153686,1.79807684001771,0.7814805931645021,-0.666004359212856,0.61802835945534,0.26363406750958523,-0.36836027136612126,0.3828914254835457
-0.9723838747384677,0.1821980773867699,-0.0026212036906656713,-0.01200384624826329,0.22565027347750216,0.24633893875823362,-0.17102382316330494,0.19161397616063153
-0.9301756254870612,-1.107939651908276,-0.5365783117876293,-0.1446599619256004,-1.2516914660285199,0.43116464051043035,0.2357450158212266,-0.07584994260062453
-1.1459586335468814,1.7732053581602258,0.28054049921462915,0.27238956243353385,-0.5067854306001071,0.9184090853291771,-0.4173366617853974,-0.49001402213311834
-3.183768879203997,-1.5536308098794267,-1.5716534626443501,0.6884166435012565,-1.713530569594039,-0.15722009936776596,0.4545914872379367,-0.9033249146850871
-1.3117485427700926,2.844542305061411,-0.19362634452354685,0.10458013905470273,-0.8933098534260997,-0.25800062897087317,0.49964720821938924,-0.6910315209431003
0.432579243066745,0.6597076032189475,-0.303968602276863,-0.6061165527450737,1.9317541063404162,1.3927310862330644,-1.0327913972457048,-0.15567766408835007
-1.1170570221352265,-1.0245486189310316,-0.547376942457426,0.5580523549503464,0.2998993893061488,-0.5594502204885923,-0.30676089555718733,-0.6358173466162583
-1.8130641553972007,-0.6498175267300337,0.04398294893625559,-0.12187927469784306,-0.04369961856217756,-1.0632593986948724,0.08371126238029396,0.15769427214412815
-0.8243333394637549,0.5966704846313783,0.5147436223852433,0.7907261668889257,0.8170281819315963,-0.05402113265730483,-0.29142965679960064,-0.2717787471157486
-0.004677997681388879,0.07658612663671523,-0.17358366065605849,-0.4961358677051269,0.15368390239512325,-0.5860644878310448,0.1876316746916207,0.3306543547464577
-0.26402331178359045,-1.2184183447651205,-0.5818153871498097,0.28229069632946746,-0.1984968478864115,0.25581642101064755,0.2815453483861887,-0.8150789757026221
-1.102059058589806,0.896472219801251,0.06853170593405035,-0.10287162175197413,0.5195822051101514,-0.1298150553334577,-0.8936997450626911,0.03749928607126747
1.6444594454282675,1.3507496345473298,-0.9712762764686657,-0.12880548722987256,-0.7320420684093388,0.13071120803376132,0.275231183975432,0.0584667759823554
2.688532809497135,0.5637044354581693,1.8604596368121764,-0.8592993951160819,-2.3000854583662,-1.5937830900721819,-0.24031837120851407,-2.3703577239271794
-2.2709657893047357,-0.4575218419937399,1.8185206349639327,-0.626865785149524,-0.09966439358829851,2.6342664005132925,-0.2141183798694185,0.0022888934209077875
-2.1934772206696187,-0.0159731202726587,-0.1791240260311343,0.33531826927652403,0.13232008871271922,-0.9200030423138806,-0.4888558056481199,-0.3050411662844797
1.4817007492382988,1.2212970687251554,0.9719145027080411,0.168837965811979,0.766839030029682,0.8721984523870773,-0.07313239952033912,1.4707948619101314
-1.362410204842198,-0.4718300969823798,0.0547276547075443,-0.34868515436197894,-0.5861789152074215,-0.6835673597293758,-0.1038261391970539,0.21604260035488537
-1.706450980848965,0.24624023987303215,-0.3241819250383902,-0.376721436890513,0.5830901553203736,-0.4645257435043307,-0.40649903039888036,-0.20313549279287652
1.4771712060690967,-1.4985172706382337,-1.4572438865127846,-0.28060737432906424,0.80806268220435,0.5339036053551742,0.5659347151833967,1.4933300917303405
3.470046175661045,0.08344997129292095,-0.11145270032132294,-0.12298966979201366,-0.9174214787056183,0.4507772543675853,3.3544698812938387,3.537038875819265
-0.4213311996282803,-0.3154731110847018,-2.225000124376356,2.6065707645502543,-2.2280254469439664,0.525132127452773,0.6878452564203136,-0.9707342714908609
-1.7766886531501207,1.3063327824206576,0.4372776737177456,1.680542216206947,-0.22446461056986558,-0.9949876546588151,2.6341972774452427,-1.5476074572636334
-2.259075673993864,-0.5352036452584013,0.060830040666119266,-0.5494326015372278,0.6139651666006617,-0.23177305152502167,-0.2674710885499121,-0.10546897105017292
1.9979986720613883,0.5659210043232529,0.8899083699605873,-0.08500739173401245,-0.41130033511015296,0.1998429009047108,-0.44246982522617173,1.3994690644980616
